Varco,Data,Passaggi_24h
S.P. 103 Cassanese Moderna al Km 6+240 Dir. Milano,01/01/2016,2820
S.P. 103 Cassanese Moderna al Km 6+240 Dir. Milano,01/02/2016,5024
S.P. 103 Cassanese Moderna al Km 6+240 Dir. Milano,01/03/2016,4716
S.P. 103 Cassanese Moderna al Km 6+240 Dir. Milano,01/04/2016,7497
S.P. 103 Cassanese Moderna al Km 6+240 Dir. Milano,01/05/2016,8091
S.P. 103 Cassanese Moderna al Km 6+240 Dir. Milano,01/06/2016,4984
S.P. 103 Cassanese Moderna al Km 6+240 Dir. Milano,01/07/2016,9197
S.P. 103 Cassanese Moderna al Km 6+240 Dir. Milano,01/08/2016,9789
S.P. 103 Cassanese Moderna al Km 6+240 Dir. Milano,01/09/2016,7144
S.P. 103 Cassanese Moderna al Km 6+240 Dir. Milano,01/10/2016,5367
S.P. 103 Cassanese Moderna al Km 6+240 Dir. Milano,01/11/2016,9825
S.P. 103 Cassanese Moderna al Km 6+240 Dir. Milano,01/12/2016,9954
S.P. 103 Cassanese Moderna al Km 6+240 Dir. Milano,01/13/2016,9908
S.P. 103 Cassanese Moderna al Km 6+240 Dir. Milano,01/14/2016,10344
S.P. 103 Cassanese Moderna al Km 6+240 Dir. Milano,01/15/2016,10660
S.P. 103 Cassanese Moderna al Km 6+240 Dir. Milano,01/16/2016,7667
S.P. 103 Cassanese Moderna al Km 6+240 Dir. Milano,01/17/2016,5606
S.P. 103 Cassanese Moderna al Km 6+240 Dir. Milano,01/18/2016,10127
S.P. 103 Cassanese Moderna al Km 6+240 Dir. Milano,01/19/2016,10163
S.P. 103 Cassanese Moderna al Km 6+240 Dir. Milano,01/20/2016,10208
S.P. 103 Cassanese Moderna al Km 6+240 Dir. Milano,01/21/2016,10260
S.P. 103 Cassanese Moderna al Km 6+240 Dir. Milano,01/22/2016,10659
S.P. 103 Cassanese Moderna al Km 6+240 Dir. Milano,01/23/2016,7602
S.P. 103 Cassanese Moderna al Km 6+240 Dir. Milano,01/24/2016,5650
S.P. 103 Cassanese Moderna al Km 6+240 Dir. Milano,01/25/2016,9923
S.P. 103 Cassanese Moderna al Km 6+240 Dir. Milano,01/26/2016,9989
S.P. 103 Cassanese Moderna al Km 6+240 Dir. Milano,01/27/2016,10058
S.P. 103 Cassanese Moderna al Km 6+240 Dir. Milano,01/28/2016,10417
S.P. 103 Cassanese Moderna al Km 6+240 Dir. Milano,01/29/2016,10563
S.P. 103 Cassanese Moderna al Km 6+240 Dir. Milano,01/30/2016,7478
S.P. 103 Cassanese Moderna al Km 6+240 Dir. Milano,01/31/2016,5567
S.P. 103 Cassanese Moderna al Km 6+240 Dir. Milano,02/01/2016,9785
S.P. 103 Cassanese Moderna al Km 6+240 Dir. Milano,02/02/2016,10026
S.P. 103 Cassanese Moderna al Km 6+240 Dir. Milano,02/03/2016,10090
S.P. 103 Cassanese Moderna al Km 6+240 Dir. Milano,02/04/2016,10335
S.P. 103 Cassanese Moderna al Km 6+240 Dir. Milano,02/05/2016,10809
S.P. 103 Cassanese Moderna al Km 6+240 Dir. Milano,02/06/2016,7617
S.P. 103 Cassanese Moderna al Km 6+240 Dir. Milano,02/07/2016,5152
S.P. 103 Cassanese Moderna al Km 6+240 Dir. Milano,02/08/2016,9871
S.P. 103 Cassanese Moderna al Km 6+240 Dir. Milano,02/09/2016,10172
S.P. 103 Cassanese Moderna al Km 6+240 Dir. Milano,02/10/2016,10639
S.P. 103 Cassanese Moderna al Km 6+240 Dir. Milano,02/11/2016,10365
S.P. 103 Cassanese Moderna al Km 6+240 Dir. Milano,02/12/2016,10387
S.P. 103 Cassanese Moderna al Km 6+240 Dir. Milano,02/13/2016,7165
S.P. 103 Cassanese Moderna al Km 6+240 Dir. Milano,02/14/2016,5493
S.P. 103 Cassanese Moderna al Km 6+240 Dir. Milano,02/15/2016,10019
S.P. 103 Cassanese Moderna al Km 6+240 Dir. Milano,02/16/2016,10005
S.P. 103 Cassanese Moderna al Km 6+240 Dir. Milano,02/17/2016,10332
S.P. 103 Cassanese Moderna al Km 6+240 Dir. Milano,02/18/2016,10449
S.P. 103 Cassanese Moderna al Km 6+240 Dir. Milano,02/19/2016,10618
S.P. 103 Cassanese Moderna al Km 6+240 Dir. Milano,02/20/2016,7534
S.P. 103 Cassanese Moderna al Km 6+240 Dir. Milano,02/21/2016,5833
S.P. 103 Cassanese Moderna al Km 6+240 Dir. Milano,02/22/2016,10122
S.P. 103 Cassanese Moderna al Km 6+240 Dir. Milano,02/23/2016,10314
S.P. 103 Cassanese Moderna al Km 6+240 Dir. Milano,02/24/2016,10367
S.P. 103 Cassanese Moderna al Km 6+240 Dir. Milano,02/25/2016,10546
S.P. 103 Cassanese Moderna al Km 6+240 Dir. Milano,02/26/2016,10768
S.P. 103 Cassanese Moderna al Km 6+240 Dir. Milano,02/27/2016,7580
S.P. 103 Cassanese Moderna al Km 6+240 Dir. Milano,02/28/2016,5374
S.P. 103 Cassanese Moderna al Km 6+240 Dir. Milano,02/29/2016,10103
S.P. 103 Cassanese Moderna al Km 6+240 Dir. Milano,03/01/2016,10174
S.P. 103 Cassanese Moderna al Km 6+240 Dir. Milano,03/02/2016,10416
S.P. 103 Cassanese Moderna al Km 6+240 Dir. Milano,03/03/2016,10423
S.P. 103 Cassanese Moderna al Km 6+240 Dir. Milano,03/04/2016,11157
S.P. 103 Cassanese Moderna al Km 6+240 Dir. Milano,03/05/2016,7484
S.P. 103 Cassanese Moderna al Km 6+240 Dir. Milano,03/06/2016,5755
S.P. 103 Cassanese Moderna al Km 6+240 Dir. Milano,03/07/2016,10207
S.P. 103 Cassanese Moderna al Km 6+240 Dir. Milano,03/08/2016,10441
S.P. 103 Cassanese Moderna al Km 6+240 Dir. Milano,03/09/2016,10475
S.P. 103 Cassanese Moderna al Km 6+240 Dir. Milano,03/10/2016,10557
S.P. 103 Cassanese Moderna al Km 6+240 Dir. Milano,03/11/2016,10782
S.P. 103 Cassanese Moderna al Km 6+240 Dir. Milano,03/12/2016,7801
S.P. 103 Cassanese Moderna al Km 6+240 Dir. Milano,03/13/2016,5622
S.P. 103 Cassanese Moderna al Km 6+240 Dir. Milano,03/14/2016,10209
S.P. 103 Cassanese Moderna al Km 6+240 Dir. Milano,03/15/2016,10732
S.P. 103 Cassanese Moderna al Km 6+240 Dir. Milano,03/16/2016,10510
S.P. 103 Cassanese Moderna al Km 6+240 Dir. Milano,03/17/2016,10773
S.P. 103 Cassanese Moderna al Km 6+240 Dir. Milano,03/18/2016,11392
S.P. 103 Cassanese Moderna al Km 6+240 Dir. Milano,03/19/2016,7913
S.P. 103 Cassanese Moderna al Km 6+240 Dir. Milano,03/20/2016,5986
S.P. 103 Cassanese Moderna al Km 6+240 Dir. Milano,03/21/2016,10061
S.P. 103 Cassanese Moderna al Km 6+240 Dir. Milano,03/22/2016,10446
S.P. 103 Cassanese Moderna al Km 6+240 Dir. Milano,03/23/2016,10616
S.P. 103 Cassanese Moderna al Km 6+240 Dir. Milano,03/24/2016,10659
S.P. 103 Cassanese Moderna al Km 6+240 Dir. Milano,03/25/2016,9765
S.P. 103 Cassanese Moderna al Km 6+240 Dir. Milano,03/26/2016,6261
S.P. 103 Cassanese Moderna al Km 6+240 Dir. Milano,03/27/2016,3887
S.P. 103 Cassanese Moderna al Km 6+240 Dir. Milano,03/28/2016,4792
S.P. 103 Cassanese Moderna al Km 6+240 Dir. Milano,03/29/2016,9718
S.P. 103 Cassanese Moderna al Km 6+240 Dir. Milano,03/30/2016,10306
S.P. 103 Cassanese Moderna al Km 6+240 Dir. Milano,03/31/2016,10757
S.P. 103 Cassanese Moderna al Km 6+260 Dir. Brescia,01/01/2016,2818
S.P. 103 Cassanese Moderna al Km 6+260 Dir. Brescia,01/02/2016,5432
S.P. 103 Cassanese Moderna al Km 6+260 Dir. Brescia,01/03/2016,5231
S.P. 103 Cassanese Moderna al Km 6+260 Dir. Brescia,01/04/2016,7990
S.P. 103 Cassanese Moderna al Km 6+260 Dir. Brescia,01/05/2016,8540
S.P. 103 Cassanese Moderna al Km 6+260 Dir. Brescia,01/06/2016,5204
S.P. 103 Cassanese Moderna al Km 6+260 Dir. Brescia,01/07/2016,9769
S.P. 103 Cassanese Moderna al Km 6+260 Dir. Brescia,01/08/2016,10246
S.P. 103 Cassanese Moderna al Km 6+260 Dir. Brescia,01/09/2016,7485
S.P. 103 Cassanese Moderna al Km 6+260 Dir. Brescia,01/10/2016,5683
S.P. 103 Cassanese Moderna al Km 6+260 Dir. Brescia,01/11/2016,10245
S.P. 103 Cassanese Moderna al Km 6+260 Dir. Brescia,01/12/2016,10517
S.P. 103 Cassanese Moderna al Km 6+260 Dir. Brescia,01/13/2016,10622
S.P. 103 Cassanese Moderna al Km 6+260 Dir. Brescia,01/14/2016,10991
S.P. 103 Cassanese Moderna al Km 6+260 Dir. Brescia,01/15/2016,11140
S.P. 103 Cassanese Moderna al Km 6+260 Dir. Brescia,01/16/2016,8078
S.P. 103 Cassanese Moderna al Km 6+260 Dir. Brescia,01/17/2016,6028
S.P. 103 Cassanese Moderna al Km 6+260 Dir. Brescia,01/18/2016,10394
S.P. 103 Cassanese Moderna al Km 6+260 Dir. Brescia,01/19/2016,10804
S.P. 103 Cassanese Moderna al Km 6+260 Dir. Brescia,01/20/2016,10707
S.P. 103 Cassanese Moderna al Km 6+260 Dir. Brescia,01/21/2016,10745
S.P. 103 Cassanese Moderna al Km 6+260 Dir. Brescia,01/22/2016,11207
S.P. 103 Cassanese Moderna al Km 6+260 Dir. Brescia,01/23/2016,8149
S.P. 103 Cassanese Moderna al Km 6+260 Dir. Brescia,01/24/2016,6095
S.P. 103 Cassanese Moderna al Km 6+260 Dir. Brescia,01/25/2016,10345
S.P. 103 Cassanese Moderna al Km 6+260 Dir. Brescia,01/26/2016,10383
S.P. 103 Cassanese Moderna al Km 6+260 Dir. Brescia,01/27/2016,10545
S.P. 103 Cassanese Moderna al Km 6+260 Dir. Brescia,01/28/2016,11002
S.P. 103 Cassanese Moderna al Km 6+260 Dir. Brescia,01/29/2016,11444
S.P. 103 Cassanese Moderna al Km 6+260 Dir. Brescia,01/30/2016,7923
S.P. 103 Cassanese Moderna al Km 6+260 Dir. Brescia,01/31/2016,5885
S.P. 103 Cassanese Moderna al Km 6+260 Dir. Brescia,02/01/2016,10510
S.P. 103 Cassanese Moderna al Km 6+260 Dir. Brescia,02/02/2016,10441
S.P. 103 Cassanese Moderna al Km 6+260 Dir. Brescia,02/03/2016,10425
S.P. 103 Cassanese Moderna al Km 6+260 Dir. Brescia,02/04/2016,10825
S.P. 103 Cassanese Moderna al Km 6+260 Dir. Brescia,02/05/2016,11295
S.P. 103 Cassanese Moderna al Km 6+260 Dir. Brescia,02/06/2016,7955
S.P. 103 Cassanese Moderna al Km 6+260 Dir. Brescia,02/07/2016,5420
S.P. 103 Cassanese Moderna al Km 6+260 Dir. Brescia,02/08/2016,10260
S.P. 103 Cassanese Moderna al Km 6+260 Dir. Brescia,02/09/2016,10455
S.P. 103 Cassanese Moderna al Km 6+260 Dir. Brescia,02/10/2016,11014
S.P. 103 Cassanese Moderna al Km 6+260 Dir. Brescia,02/11/2016,11027
S.P. 103 Cassanese Moderna al Km 6+260 Dir. Brescia,02/12/2016,11057
S.P. 103 Cassanese Moderna al Km 6+260 Dir. Brescia,02/13/2016,7632
S.P. 103 Cassanese Moderna al Km 6+260 Dir. Brescia,02/14/2016,5408
S.P. 103 Cassanese Moderna al Km 6+260 Dir. Brescia,02/15/2016,10459
S.P. 103 Cassanese Moderna al Km 6+260 Dir. Brescia,02/16/2016,10382
S.P. 103 Cassanese Moderna al Km 6+260 Dir. Brescia,02/17/2016,10672
S.P. 103 Cassanese Moderna al Km 6+260 Dir. Brescia,02/18/2016,10876
S.P. 103 Cassanese Moderna al Km 6+260 Dir. Brescia,02/19/2016,11365
S.P. 103 Cassanese Moderna al Km 6+260 Dir. Brescia,02/20/2016,7945
S.P. 103 Cassanese Moderna al Km 6+260 Dir. Brescia,02/21/2016,6123
S.P. 103 Cassanese Moderna al Km 6+260 Dir. Brescia,02/22/2016,10471
S.P. 103 Cassanese Moderna al Km 6+260 Dir. Brescia,02/23/2016,10750
S.P. 103 Cassanese Moderna al Km 6+260 Dir. Brescia,02/24/2016,10786
S.P. 103 Cassanese Moderna al Km 6+260 Dir. Brescia,02/25/2016,10933
S.P. 103 Cassanese Moderna al Km 6+260 Dir. Brescia,02/26/2016,11312
S.P. 103 Cassanese Moderna al Km 6+260 Dir. Brescia,02/27/2016,7674
S.P. 103 Cassanese Moderna al Km 6+260 Dir. Brescia,02/28/2016,5673
S.P. 103 Cassanese Moderna al Km 6+260 Dir. Brescia,02/29/2016,10408
S.P. 103 Cassanese Moderna al Km 6+260 Dir. Brescia,03/01/2016,10518
S.P. 103 Cassanese Moderna al Km 6+260 Dir. Brescia,03/02/2016,10868
S.P. 103 Cassanese Moderna al Km 6+260 Dir. Brescia,03/03/2016,10893
S.P. 103 Cassanese Moderna al Km 6+260 Dir. Brescia,03/04/2016,11539
S.P. 103 Cassanese Moderna al Km 6+260 Dir. Brescia,03/05/2016,7757
S.P. 103 Cassanese Moderna al Km 6+260 Dir. Brescia,03/06/2016,6137
S.P. 103 Cassanese Moderna al Km 6+260 Dir. Brescia,03/07/2016,10497
S.P. 103 Cassanese Moderna al Km 6+260 Dir. Brescia,03/08/2016,10886
S.P. 103 Cassanese Moderna al Km 6+260 Dir. Brescia,03/09/2016,10978
S.P. 103 Cassanese Moderna al Km 6+260 Dir. Brescia,03/10/2016,11058
S.P. 103 Cassanese Moderna al Km 6+260 Dir. Brescia,03/11/2016,11441
S.P. 103 Cassanese Moderna al Km 6+260 Dir. Brescia,03/12/2016,8272
S.P. 103 Cassanese Moderna al Km 6+260 Dir. Brescia,03/13/2016,5956
S.P. 103 Cassanese Moderna al Km 6+260 Dir. Brescia,03/14/2016,10638
S.P. 103 Cassanese Moderna al Km 6+260 Dir. Brescia,03/15/2016,10913
S.P. 103 Cassanese Moderna al Km 6+260 Dir. Brescia,03/16/2016,11182
S.P. 103 Cassanese Moderna al Km 6+260 Dir. Brescia,03/17/2016,11113
S.P. 103 Cassanese Moderna al Km 6+260 Dir. Brescia,03/18/2016,11932
S.P. 103 Cassanese Moderna al Km 6+260 Dir. Brescia,03/19/2016,8323
S.P. 103 Cassanese Moderna al Km 6+260 Dir. Brescia,03/20/2016,6085
S.P. 103 Cassanese Moderna al Km 6+260 Dir. Brescia,03/21/2016,10515
S.P. 103 Cassanese Moderna al Km 6+260 Dir. Brescia,03/22/2016,10972
S.P. 103 Cassanese Moderna al Km 6+260 Dir. Brescia,03/23/2016,11317
S.P. 103 Cassanese Moderna al Km 6+260 Dir. Brescia,03/24/2016,11303
S.P. 103 Cassanese Moderna al Km 6+260 Dir. Brescia,03/25/2016,10995
S.P. 103 Cassanese Moderna al Km 6+260 Dir. Brescia,03/26/2016,6803
S.P. 103 Cassanese Moderna al Km 6+260 Dir. Brescia,03/27/2016,4139
S.P. 103 Cassanese Moderna al Km 6+260 Dir. Brescia,03/28/2016,4302
S.P. 103 Cassanese Moderna al Km 6+260 Dir. Brescia,03/29/2016,10023
S.P. 103 Cassanese Moderna al Km 6+260 Dir. Brescia,03/30/2016,10833
S.P. 103 Cassanese Moderna al Km 6+260 Dir. Brescia,03/31/2016,11196
S.P. 14 Rivoltana al Km 6+965 Dir. Milano,02/10/2016,16315
S.P. 14 Rivoltana al Km 6+965 Dir. Milano,02/11/2016,17550
S.P. 14 Rivoltana al Km 6+965 Dir. Milano,02/12/2016,17165
S.P. 14 Rivoltana al Km 6+965 Dir. Milano,02/13/2016,10468
S.P. 14 Rivoltana al Km 6+965 Dir. Milano,02/14/2016,9050
S.P. 14 Rivoltana al Km 6+965 Dir. Milano,02/15/2016,16989
S.P. 14 Rivoltana al Km 6+965 Dir. Milano,02/16/2016,17228
S.P. 14 Rivoltana al Km 6+965 Dir. Milano,02/17/2016,17426
S.P. 14 Rivoltana al Km 6+965 Dir. Milano,02/18/2016,17504
S.P. 14 Rivoltana al Km 6+965 Dir. Milano,02/19/2016,17877
S.P. 14 Rivoltana al Km 6+965 Dir. Milano,02/20/2016,11535
S.P. 14 Rivoltana al Km 6+965 Dir. Milano,02/21/2016,10542
S.P. 14 Rivoltana al Km 6+965 Dir. Milano,02/22/2016,17415
S.P. 14 Rivoltana al Km 6+965 Dir. Milano,02/23/2016,17280
S.P. 14 Rivoltana al Km 6+965 Dir. Milano,02/24/2016,15672
S.P. 14 Rivoltana al Km 6+965 Dir. Milano,02/25/2016,17866
S.P. 14 Rivoltana al Km 6+965 Dir. Milano,02/26/2016,17561
S.P. 14 Rivoltana al Km 6+965 Dir. Milano,02/27/2016,10444
S.P. 14 Rivoltana al Km 6+965 Dir. Milano,02/28/2016,8612
S.P. 14 Rivoltana al Km 6+965 Dir. Milano,02/29/2016,16846
S.P. 14 Rivoltana al Km 6+965 Dir. Milano,03/01/2016,12445
S.P. 14 Rivoltana al Km 6+965 Dir. Milano,03/02/2016,17337
S.P. 14 Rivoltana al Km 6+965 Dir. Milano,03/03/2016,17746
S.P. 14 Rivoltana al Km 6+965 Dir. Milano,03/04/2016,18086
S.P. 14 Rivoltana al Km 6+965 Dir. Milano,03/05/2016,9986
S.P. 14 Rivoltana al Km 6+965 Dir. Milano,03/06/2016,9130
S.P. 14 Rivoltana al Km 6+965 Dir. Milano,03/07/2016,17169
S.P. 14 Rivoltana al Km 6+965 Dir. Milano,03/08/2016,17496
S.P. 14 Rivoltana al Km 6+965 Dir. Milano,03/09/2016,17626
S.P. 14 Rivoltana al Km 6+965 Dir. Milano,03/10/2016,17767
S.P. 14 Rivoltana al Km 6+965 Dir. Milano,03/11/2016,17892
S.P. 14 Rivoltana al Km 6+965 Dir. Milano,03/12/2016,11184
S.P. 14 Rivoltana al Km 6+965 Dir. Milano,03/13/2016,9654
S.P. 14 Rivoltana al Km 6+965 Dir. Milano,03/14/2016,17281
S.P. 14 Rivoltana al Km 6+965 Dir. Milano,03/15/2016,18633
S.P. 14 Rivoltana al Km 6+965 Dir. Milano,03/16/2016,17692
S.P. 14 Rivoltana al Km 6+965 Dir. Milano,03/17/2016,17848
S.P. 14 Rivoltana al Km 6+965 Dir. Milano,03/18/2016,19025
S.P. 14 Rivoltana al Km 6+965 Dir. Milano,03/19/2016,12028
S.P. 14 Rivoltana al Km 6+965 Dir. Milano,03/20/2016,10562
S.P. 14 Rivoltana al Km 6+965 Dir. Milano,03/21/2016,17354
S.P. 14 Rivoltana al Km 6+965 Dir. Milano,03/22/2016,17719
S.P. 14 Rivoltana al Km 6+965 Dir. Milano,03/23/2016,18122
S.P. 14 Rivoltana al Km 6+965 Dir. Milano,03/24/2016,17979
S.P. 14 Rivoltana al Km 6+965 Dir. Milano,03/25/2016,15628
S.P. 14 Rivoltana al Km 6+965 Dir. Milano,03/26/2016,9053
S.P. 14 Rivoltana al Km 6+965 Dir. Milano,03/27/2016,7752
S.P. 14 Rivoltana al Km 6+965 Dir. Milano,03/28/2016,10681
S.P. 14 Rivoltana al Km 6+965 Dir. Milano,03/29/2016,17125
S.P. 14 Rivoltana al Km 6+965 Dir. Milano,03/30/2016,17295
S.P. 14 Rivoltana al Km 6+965 Dir. Milano,03/31/2016,17778
S.P. 14 Rivoltana al Km 8+039 Dir. Brescia,02/10/2016,17466
S.P. 14 Rivoltana al Km 8+039 Dir. Brescia,02/11/2016,18619
S.P. 14 Rivoltana al Km 8+039 Dir. Brescia,02/12/2016,19039
S.P. 14 Rivoltana al Km 8+039 Dir. Brescia,02/13/2016,11186
S.P. 14 Rivoltana al Km 8+039 Dir. Brescia,02/14/2016,8394
S.P. 14 Rivoltana al Km 8+039 Dir. Brescia,02/15/2016,17268
S.P. 14 Rivoltana al Km 8+039 Dir. Brescia,02/16/2016,18045
S.P. 14 Rivoltana al Km 8+039 Dir. Brescia,02/17/2016,18158
S.P. 14 Rivoltana al Km 8+039 Dir. Brescia,02/18/2016,18623
S.P. 14 Rivoltana al Km 8+039 Dir. Brescia,02/19/2016,19656
S.P. 14 Rivoltana al Km 8+039 Dir. Brescia,02/20/2016,12412
S.P. 14 Rivoltana al Km 8+039 Dir. Brescia,02/21/2016,10228
S.P. 14 Rivoltana al Km 8+039 Dir. Brescia,02/22/2016,17432
S.P. 14 Rivoltana al Km 8+039 Dir. Brescia,02/23/2016,18036
S.P. 14 Rivoltana al Km 8+039 Dir. Brescia,02/24/2016,16698
S.P. 14 Rivoltana al Km 8+039 Dir. Brescia,02/25/2016,18863
S.P. 14 Rivoltana al Km 8+039 Dir. Brescia,02/26/2016,19327
S.P. 14 Rivoltana al Km 8+039 Dir. Brescia,02/27/2016,11321
S.P. 14 Rivoltana al Km 8+039 Dir. Brescia,02/28/2016,8679
S.P. 14 Rivoltana al Km 8+039 Dir. Brescia,02/29/2016,17305
S.P. 14 Rivoltana al Km 8+039 Dir. Brescia,03/01/2016,14543
S.P. 14 Rivoltana al Km 8+039 Dir. Brescia,03/02/2016,18282
S.P. 14 Rivoltana al Km 8+039 Dir. Brescia,03/03/2016,18562
S.P. 14 Rivoltana al Km 8+039 Dir. Brescia,03/04/2016,19593
S.P. 14 Rivoltana al Km 8+039 Dir. Brescia,03/05/2016,11086
S.P. 14 Rivoltana al Km 8+039 Dir. Brescia,03/06/2016,8920
S.P. 14 Rivoltana al Km 8+039 Dir. Brescia,03/07/2016,17415
S.P. 14 Rivoltana al Km 8+039 Dir. Brescia,03/08/2016,18075
S.P. 14 Rivoltana al Km 8+039 Dir. Brescia,03/09/2016,18409
S.P. 14 Rivoltana al Km 8+039 Dir. Brescia,03/10/2016,18713
S.P. 14 Rivoltana al Km 8+039 Dir. Brescia,03/11/2016,19604
S.P. 14 Rivoltana al Km 8+039 Dir. Brescia,03/12/2016,12187
S.P. 14 Rivoltana al Km 8+039 Dir. Brescia,03/13/2016,9360
S.P. 14 Rivoltana al Km 8+039 Dir. Brescia,03/14/2016,17597
S.P. 14 Rivoltana al Km 8+039 Dir. Brescia,03/15/2016,18533
S.P. 14 Rivoltana al Km 8+039 Dir. Brescia,03/16/2016,18421
S.P. 14 Rivoltana al Km 8+039 Dir. Brescia,03/17/2016,18882
S.P. 14 Rivoltana al Km 8+039 Dir. Brescia,03/18/2016,20618
S.P. 14 Rivoltana al Km 8+039 Dir. Brescia,03/19/2016,12766
S.P. 14 Rivoltana al Km 8+039 Dir. Brescia,03/20/2016,10412
S.P. 14 Rivoltana al Km 8+039 Dir. Brescia,03/21/2016,17765
S.P. 14 Rivoltana al Km 8+039 Dir. Brescia,03/22/2016,18132
S.P. 14 Rivoltana al Km 8+039 Dir. Brescia,03/23/2016,19155
S.P. 14 Rivoltana al Km 8+039 Dir. Brescia,03/24/2016,19788
S.P. 14 Rivoltana al Km 8+039 Dir. Brescia,03/25/2016,18148
S.P. 14 Rivoltana al Km 8+039 Dir. Brescia,03/26/2016,10209
S.P. 14 Rivoltana al Km 8+039 Dir. Brescia,03/27/2016,8208
S.P. 14 Rivoltana al Km 8+039 Dir. Brescia,03/28/2016,7254
S.P. 14 Rivoltana al Km 8+039 Dir. Brescia,03/29/2016,16317
S.P. 14 Rivoltana al Km 8+039 Dir. Brescia,03/30/2016,17706
S.P. 14 Rivoltana al Km 8+039 Dir. Brescia,03/31/2016,18388
S.P. 203 GAGGIANO - BINASCO al Km 6+032 Dir. BINASCO,01/01/2016,1190
S.P. 203 GAGGIANO - BINASCO al Km 6+032 Dir. BINASCO,01/02/2016,1818
S.P. 203 GAGGIANO - BINASCO al Km 6+032 Dir. BINASCO,01/03/2016,1462
S.P. 203 GAGGIANO - BINASCO al Km 6+032 Dir. BINASCO,01/04/2016,2751
S.P. 203 GAGGIANO - BINASCO al Km 6+032 Dir. BINASCO,01/05/2016,2993
S.P. 203 GAGGIANO - BINASCO al Km 6+032 Dir. BINASCO,01/06/2016,1787
S.P. 203 GAGGIANO - BINASCO al Km 6+032 Dir. BINASCO,01/07/2016,3523
S.P. 203 GAGGIANO - BINASCO al Km 6+032 Dir. BINASCO,01/08/2016,3789
S.P. 203 GAGGIANO - BINASCO al Km 6+032 Dir. BINASCO,01/09/2016,2585
S.P. 203 GAGGIANO - BINASCO al Km 6+032 Dir. BINASCO,01/10/2016,1704
S.P. 203 GAGGIANO - BINASCO al Km 6+032 Dir. BINASCO,01/11/2016,3767
S.P. 203 GAGGIANO - BINASCO al Km 6+032 Dir. BINASCO,01/12/2016,3962
S.P. 203 GAGGIANO - BINASCO al Km 6+032 Dir. BINASCO,01/13/2016,4074
S.P. 203 GAGGIANO - BINASCO al Km 6+032 Dir. BINASCO,01/14/2016,3903
S.P. 203 GAGGIANO - BINASCO al Km 6+032 Dir. BINASCO,01/15/2016,4105
S.P. 203 GAGGIANO - BINASCO al Km 6+032 Dir. BINASCO,01/16/2016,2951
S.P. 203 GAGGIANO - BINASCO al Km 6+032 Dir. BINASCO,01/17/2016,2034
S.P. 203 GAGGIANO - BINASCO al Km 6+032 Dir. BINASCO,01/18/2016,3887
S.P. 203 GAGGIANO - BINASCO al Km 6+032 Dir. BINASCO,01/19/2016,3788
S.P. 203 GAGGIANO - BINASCO al Km 6+032 Dir. BINASCO,01/20/2016,3829
S.P. 203 GAGGIANO - BINASCO al Km 6+032 Dir. BINASCO,01/21/2016,3970
S.P. 203 GAGGIANO - BINASCO al Km 6+032 Dir. BINASCO,01/22/2016,3922
S.P. 203 GAGGIANO - BINASCO al Km 6+032 Dir. BINASCO,01/23/2016,3016
S.P. 203 GAGGIANO - BINASCO al Km 6+032 Dir. BINASCO,01/24/2016,1980
S.P. 203 GAGGIANO - BINASCO al Km 6+032 Dir. BINASCO,01/25/2016,3903
S.P. 203 GAGGIANO - BINASCO al Km 6+032 Dir. BINASCO,01/26/2016,3919
S.P. 203 GAGGIANO - BINASCO al Km 6+032 Dir. BINASCO,01/27/2016,3891
S.P. 203 GAGGIANO - BINASCO al Km 6+032 Dir. BINASCO,01/28/2016,3881
S.P. 203 GAGGIANO - BINASCO al Km 6+032 Dir. BINASCO,01/29/2016,4119
S.P. 203 GAGGIANO - BINASCO al Km 6+032 Dir. BINASCO,01/30/2016,2912
S.P. 203 GAGGIANO - BINASCO al Km 6+032 Dir. BINASCO,01/31/2016,2057
S.P. 203 GAGGIANO - BINASCO al Km 6+032 Dir. BINASCO,02/01/2016,3777
S.P. 203 GAGGIANO - BINASCO al Km 6+032 Dir. BINASCO,02/02/2016,3826
S.P. 203 GAGGIANO - BINASCO al Km 6+032 Dir. BINASCO,02/03/2016,3825
S.P. 203 GAGGIANO - BINASCO al Km 6+032 Dir. BINASCO,02/04/2016,4083
S.P. 203 GAGGIANO - BINASCO al Km 6+032 Dir. BINASCO,02/05/2016,2
S.P. 203 GAGGIANO - BINASCO al Km 6+032 Dir. BINASCO,02/19/2016,0
S.P. 40 BINASCO - MELEGNANO al Km 12+490 Dir. BINASCO,01/01/2016,2531
S.P. 40 BINASCO - MELEGNANO al Km 12+490 Dir. BINASCO,01/02/2016,5652
S.P. 40 BINASCO - MELEGNANO al Km 12+490 Dir. BINASCO,01/03/2016,5893
S.P. 40 BINASCO - MELEGNANO al Km 12+490 Dir. BINASCO,01/04/2016,8656
S.P. 40 BINASCO - MELEGNANO al Km 12+490 Dir. BINASCO,01/05/2016,9065
S.P. 40 BINASCO - MELEGNANO al Km 12+490 Dir. BINASCO,01/06/2016,5775
S.P. 40 BINASCO - MELEGNANO al Km 12+490 Dir. BINASCO,01/07/2016,9927
S.P. 40 BINASCO - MELEGNANO al Km 12+490 Dir. BINASCO,01/08/2016,10550
S.P. 40 BINASCO - MELEGNANO al Km 12+490 Dir. BINASCO,01/09/2016,7364
S.P. 40 BINASCO - MELEGNANO al Km 12+490 Dir. BINASCO,01/10/2016,5637
S.P. 40 BINASCO - MELEGNANO al Km 12+490 Dir. BINASCO,01/11/2016,10663
S.P. 40 BINASCO - MELEGNANO al Km 12+490 Dir. BINASCO,01/12/2016,11298
S.P. 40 BINASCO - MELEGNANO al Km 12+490 Dir. BINASCO,01/13/2016,11562
S.P. 40 BINASCO - MELEGNANO al Km 12+490 Dir. BINASCO,01/14/2016,11461
S.P. 40 BINASCO - MELEGNANO al Km 12+490 Dir. BINASCO,01/15/2016,12375
S.P. 40 BINASCO - MELEGNANO al Km 12+490 Dir. BINASCO,01/16/2016,8133
S.P. 40 BINASCO - MELEGNANO al Km 12+490 Dir. BINASCO,01/17/2016,6598
S.P. 40 BINASCO - MELEGNANO al Km 12+490 Dir. BINASCO,01/18/2016,11523
S.P. 40 BINASCO - MELEGNANO al Km 12+490 Dir. BINASCO,01/19/2016,11489
S.P. 40 BINASCO - MELEGNANO al Km 12+490 Dir. BINASCO,01/20/2016,10467
S.P. 40 BINASCO - MELEGNANO al Km 12+490 Dir. BINASCO,01/21/2016,11956
S.P. 40 BINASCO - MELEGNANO al Km 12+490 Dir. BINASCO,01/22/2016,12080
S.P. 40 BINASCO - MELEGNANO al Km 12+490 Dir. BINASCO,01/23/2016,8139
S.P. 40 BINASCO - MELEGNANO al Km 12+490 Dir. BINASCO,01/24/2016,6596
S.P. 40 BINASCO - MELEGNANO al Km 12+490 Dir. BINASCO,01/25/2016,11061
S.P. 40 BINASCO - MELEGNANO al Km 12+490 Dir. BINASCO,01/26/2016,11347
S.P. 40 BINASCO - MELEGNANO al Km 12+490 Dir. BINASCO,01/27/2016,11234
S.P. 40 BINASCO - MELEGNANO al Km 12+490 Dir. BINASCO,01/28/2016,11746
S.P. 40 BINASCO - MELEGNANO al Km 12+490 Dir. BINASCO,01/29/2016,11728
S.P. 40 BINASCO - MELEGNANO al Km 12+490 Dir. BINASCO,01/30/2016,6658
S.P. 40 BINASCO - MELEGNANO al Km 12+490 Dir. BINASCO,01/31/2016,5024
S.P. 40 BINASCO - MELEGNANO al Km 12+490 Dir. BINASCO,02/01/2016,9040
S.P. 40 BINASCO - MELEGNANO al Km 12+490 Dir. BINASCO,02/02/2016,9912
S.P. 40 BINASCO - MELEGNANO al Km 12+490 Dir. BINASCO,02/03/2016,10496
S.P. 40 BINASCO - MELEGNANO al Km 12+490 Dir. BINASCO,02/04/2016,11770
S.P. 40 BINASCO - MELEGNANO al Km 12+490 Dir. BINASCO,02/05/2016,12591
S.P. 40 BINASCO - MELEGNANO al Km 12+490 Dir. BINASCO,02/06/2016,7913
S.P. 40 BINASCO - MELEGNANO al Km 12+490 Dir. BINASCO,02/07/2016,5487
S.P. 40 BINASCO - MELEGNANO al Km 12+490 Dir. BINASCO,02/08/2016,11974
S.P. 40 BINASCO - MELEGNANO al Km 12+490 Dir. BINASCO,02/09/2016,10855
S.P. 40 BINASCO - MELEGNANO al Km 12+490 Dir. BINASCO,02/10/2016,11218
S.P. 40 BINASCO - MELEGNANO al Km 12+490 Dir. BINASCO,02/11/2016,11730
S.P. 40 BINASCO - MELEGNANO al Km 12+490 Dir. BINASCO,02/12/2016,12202
S.P. 40 BINASCO - MELEGNANO al Km 12+490 Dir. BINASCO,02/13/2016,7900
S.P. 40 BINASCO - MELEGNANO al Km 12+490 Dir. BINASCO,02/14/2016,6216
S.P. 40 BINASCO - MELEGNANO al Km 12+490 Dir. BINASCO,02/15/2016,11068
S.P. 40 BINASCO - MELEGNANO al Km 12+490 Dir. BINASCO,02/16/2016,11493
S.P. 40 BINASCO - MELEGNANO al Km 12+490 Dir. BINASCO,02/17/2016,11396
S.P. 40 BINASCO - MELEGNANO al Km 12+490 Dir. BINASCO,02/18/2016,11347
S.P. 40 BINASCO - MELEGNANO al Km 12+490 Dir. BINASCO,02/19/2016,11327
S.P. 40 BINASCO - MELEGNANO al Km 12+490 Dir. BINASCO,02/20/2016,8384
S.P. 40 BINASCO - MELEGNANO al Km 12+490 Dir. BINASCO,02/21/2016,6979
S.P. 40 BINASCO - MELEGNANO al Km 12+490 Dir. BINASCO,02/22/2016,11245
S.P. 40 BINASCO - MELEGNANO al Km 12+490 Dir. BINASCO,02/23/2016,11895
S.P. 40 BINASCO - MELEGNANO al Km 12+490 Dir. BINASCO,02/24/2016,10050
S.P. 40 BINASCO - MELEGNANO al Km 12+490 Dir. BINASCO,02/25/2016,11612
S.P. 40 BINASCO - MELEGNANO al Km 12+490 Dir. BINASCO,02/26/2016,10013
S.P. 40 BINASCO - MELEGNANO al Km 12+490 Dir. BINASCO,02/27/2016,7935
S.P. 40 BINASCO - MELEGNANO al Km 12+490 Dir. BINASCO,02/28/2016,6094
S.P. 40 BINASCO - MELEGNANO al Km 12+490 Dir. BINASCO,02/29/2016,11043
S.P. 40 BINASCO - MELEGNANO al Km 12+490 Dir. BINASCO,03/01/2016,10838
S.P. 40 BINASCO - MELEGNANO al Km 12+490 Dir. BINASCO,03/02/2016,11859
S.P. 40 BINASCO - MELEGNANO al Km 12+490 Dir. BINASCO,03/03/2016,11702
S.P. 40 BINASCO - MELEGNANO al Km 12+490 Dir. BINASCO,03/04/2016,12246
S.P. 40 BINASCO - MELEGNANO al Km 12+490 Dir. BINASCO,03/05/2016,7442
S.P. 40 BINASCO - MELEGNANO al Km 12+490 Dir. BINASCO,03/06/2016,6502
S.P. 40 BINASCO - MELEGNANO al Km 12+490 Dir. BINASCO,03/07/2016,11570
S.P. 40 BINASCO - MELEGNANO al Km 12+490 Dir. BINASCO,03/08/2016,11790
S.P. 40 BINASCO - MELEGNANO al Km 12+490 Dir. BINASCO,03/09/2016,11761
S.P. 40 BINASCO - MELEGNANO al Km 12+490 Dir. BINASCO,03/10/2016,12637
S.P. 40 BINASCO - MELEGNANO al Km 12+490 Dir. BINASCO,03/11/2016,12359
S.P. 40 BINASCO - MELEGNANO al Km 12+490 Dir. BINASCO,03/12/2016,8528
S.P. 40 BINASCO - MELEGNANO al Km 12+490 Dir. BINASCO,03/13/2016,6994
S.P. 40 BINASCO - MELEGNANO al Km 12+490 Dir. BINASCO,03/14/2016,11651
S.P. 40 BINASCO - MELEGNANO al Km 12+490 Dir. BINASCO,03/15/2016,12300
S.P. 40 BINASCO - MELEGNANO al Km 12+490 Dir. BINASCO,03/16/2016,11085
S.P. 40 BINASCO - MELEGNANO al Km 12+490 Dir. BINASCO,03/17/2016,12411
S.P. 40 BINASCO - MELEGNANO al Km 12+490 Dir. BINASCO,03/18/2016,13567
S.P. 40 BINASCO - MELEGNANO al Km 12+490 Dir. BINASCO,03/19/2016,9148
S.P. 40 BINASCO - MELEGNANO al Km 12+490 Dir. BINASCO,03/20/2016,7626
S.P. 40 BINASCO - MELEGNANO al Km 12+490 Dir. BINASCO,03/21/2016,11654
S.P. 40 BINASCO - MELEGNANO al Km 12+490 Dir. BINASCO,03/22/2016,11561
S.P. 40 BINASCO - MELEGNANO al Km 12+490 Dir. BINASCO,03/23/2016,12427
S.P. 40 BINASCO - MELEGNANO al Km 12+490 Dir. BINASCO,03/24/2016,12730
S.P. 40 BINASCO - MELEGNANO al Km 12+490 Dir. BINASCO,03/25/2016,11540
S.P. 40 BINASCO - MELEGNANO al Km 12+490 Dir. BINASCO,03/26/2016,7449
S.P. 40 BINASCO - MELEGNANO al Km 12+490 Dir. BINASCO,03/27/2016,5968
S.P. 40 BINASCO - MELEGNANO al Km 12+490 Dir. BINASCO,03/28/2016,6649
S.P. 40 BINASCO - MELEGNANO al Km 12+490 Dir. BINASCO,03/29/2016,12526
S.P. 40 BINASCO - MELEGNANO al Km 12+490 Dir. BINASCO,03/30/2016,12471
S.P. 40 BINASCO - MELEGNANO al Km 12+490 Dir. BINASCO,03/31/2016,12558
S.P. 40 BINASCO - MELEGNANO al Km 13+031 Dir. MELEGNANO,01/01/2016,2321
S.P. 40 BINASCO - MELEGNANO al Km 13+031 Dir. MELEGNANO,01/02/2016,4693
S.P. 40 BINASCO - MELEGNANO al Km 13+031 Dir. MELEGNANO,01/03/2016,4895
S.P. 40 BINASCO - MELEGNANO al Km 13+031 Dir. MELEGNANO,01/04/2016,7496
S.P. 40 BINASCO - MELEGNANO al Km 13+031 Dir. MELEGNANO,01/05/2016,7795
S.P. 40 BINASCO - MELEGNANO al Km 13+031 Dir. MELEGNANO,01/06/2016,4783
S.P. 40 BINASCO - MELEGNANO al Km 13+031 Dir. MELEGNANO,01/07/2016,8801
S.P. 40 BINASCO - MELEGNANO al Km 13+031 Dir. MELEGNANO,01/08/2016,9501
S.P. 40 BINASCO - MELEGNANO al Km 13+031 Dir. MELEGNANO,01/09/2016,5964
S.P. 40 BINASCO - MELEGNANO al Km 13+031 Dir. MELEGNANO,01/10/2016,4711
S.P. 40 BINASCO - MELEGNANO al Km 13+031 Dir. MELEGNANO,01/11/2016,9497
S.P. 40 BINASCO - MELEGNANO al Km 13+031 Dir. MELEGNANO,01/12/2016,9931
S.P. 40 BINASCO - MELEGNANO al Km 13+031 Dir. MELEGNANO,01/13/2016,10191
S.P. 40 BINASCO - MELEGNANO al Km 13+031 Dir. MELEGNANO,01/14/2016,10006
S.P. 40 BINASCO - MELEGNANO al Km 13+031 Dir. MELEGNANO,01/15/2016,10627
S.P. 40 BINASCO - MELEGNANO al Km 13+031 Dir. MELEGNANO,01/16/2016,6672
S.P. 40 BINASCO - MELEGNANO al Km 13+031 Dir. MELEGNANO,01/17/2016,5521
S.P. 40 BINASCO - MELEGNANO al Km 13+031 Dir. MELEGNANO,01/18/2016,9993
S.P. 40 BINASCO - MELEGNANO al Km 13+031 Dir. MELEGNANO,01/19/2016,10304
S.P. 40 BINASCO - MELEGNANO al Km 13+031 Dir. MELEGNANO,01/20/2016,9265
S.P. 40 BINASCO - MELEGNANO al Km 13+031 Dir. MELEGNANO,01/21/2016,10132
S.P. 40 BINASCO - MELEGNANO al Km 13+031 Dir. MELEGNANO,01/22/2016,10377
S.P. 40 BINASCO - MELEGNANO al Km 13+031 Dir. MELEGNANO,01/23/2016,6774
S.P. 40 BINASCO - MELEGNANO al Km 13+031 Dir. MELEGNANO,01/24/2016,5485
S.P. 40 BINASCO - MELEGNANO al Km 13+031 Dir. MELEGNANO,01/25/2016,9791
S.P. 40 BINASCO - MELEGNANO al Km 13+031 Dir. MELEGNANO,01/26/2016,9803
S.P. 40 BINASCO - MELEGNANO al Km 13+031 Dir. MELEGNANO,01/27/2016,9909
S.P. 40 BINASCO - MELEGNANO al Km 13+031 Dir. MELEGNANO,01/28/2016,10077
S.P. 40 BINASCO - MELEGNANO al Km 13+031 Dir. MELEGNANO,01/29/2016,10241
S.P. 40 BINASCO - MELEGNANO al Km 13+031 Dir. MELEGNANO,01/30/2016,5416
S.P. 40 BINASCO - MELEGNANO al Km 13+031 Dir. MELEGNANO,01/31/2016,4345
S.P. 40 BINASCO - MELEGNANO al Km 13+031 Dir. MELEGNANO,02/01/2016,8382
S.P. 40 BINASCO - MELEGNANO al Km 13+031 Dir. MELEGNANO,02/02/2016,7703
S.P. 40 BINASCO - MELEGNANO al Km 13+031 Dir. MELEGNANO,02/03/2016,9850
S.P. 40 BINASCO - MELEGNANO al Km 13+031 Dir. MELEGNANO,02/04/2016,10400
S.P. 40 BINASCO - MELEGNANO al Km 13+031 Dir. MELEGNANO,02/05/2016,10881
S.P. 40 BINASCO - MELEGNANO al Km 13+031 Dir. MELEGNANO,02/06/2016,6684
S.P. 40 BINASCO - MELEGNANO al Km 13+031 Dir. MELEGNANO,02/07/2016,4688
S.P. 40 BINASCO - MELEGNANO al Km 13+031 Dir. MELEGNANO,02/08/2016,9828
S.P. 40 BINASCO - MELEGNANO al Km 13+031 Dir. MELEGNANO,02/09/2016,9214
S.P. 40 BINASCO - MELEGNANO al Km 13+031 Dir. MELEGNANO,02/10/2016,10203
S.P. 40 BINASCO - MELEGNANO al Km 13+031 Dir. MELEGNANO,02/11/2016,10323
S.P. 40 BINASCO - MELEGNANO al Km 13+031 Dir. MELEGNANO,02/12/2016,10311
S.P. 40 BINASCO - MELEGNANO al Km 13+031 Dir. MELEGNANO,02/13/2016,6549
S.P. 40 BINASCO - MELEGNANO al Km 13+031 Dir. MELEGNANO,02/14/2016,5305
S.P. 40 BINASCO - MELEGNANO al Km 13+031 Dir. MELEGNANO,02/15/2016,9839
S.P. 40 BINASCO - MELEGNANO al Km 13+031 Dir. MELEGNANO,02/16/2016,9828
S.P. 40 BINASCO - MELEGNANO al Km 13+031 Dir. MELEGNANO,02/17/2016,10294
S.P. 40 BINASCO - MELEGNANO al Km 13+031 Dir. MELEGNANO,02/18/2016,9786
S.P. 40 BINASCO - MELEGNANO al Km 13+031 Dir. MELEGNANO,02/19/2016,9086
S.P. 40 BINASCO - MELEGNANO al Km 13+031 Dir. MELEGNANO,02/20/2016,7005
S.P. 40 BINASCO - MELEGNANO al Km 13+031 Dir. MELEGNANO,02/21/2016,6000
S.P. 40 BINASCO - MELEGNANO al Km 13+031 Dir. MELEGNANO,02/22/2016,9806
S.P. 40 BINASCO - MELEGNANO al Km 13+031 Dir. MELEGNANO,02/23/2016,10303
S.P. 40 BINASCO - MELEGNANO al Km 13+031 Dir. MELEGNANO,02/24/2016,7621
S.P. 40 BINASCO - MELEGNANO al Km 13+031 Dir. MELEGNANO,02/25/2016,9042
S.P. 40 BINASCO - MELEGNANO al Km 13+031 Dir. MELEGNANO,02/26/2016,8014
S.P. 40 BINASCO - MELEGNANO al Km 13+031 Dir. MELEGNANO,02/27/2016,6451
S.P. 40 BINASCO - MELEGNANO al Km 13+031 Dir. MELEGNANO,02/28/2016,4878
S.P. 40 BINASCO - MELEGNANO al Km 13+031 Dir. MELEGNANO,02/29/2016,9768
S.P. 40 BINASCO - MELEGNANO al Km 13+031 Dir. MELEGNANO,03/01/2016,8969
S.P. 40 BINASCO - MELEGNANO al Km 13+031 Dir. MELEGNANO,03/02/2016,10392
S.P. 40 BINASCO - MELEGNANO al Km 13+031 Dir. MELEGNANO,03/03/2016,10086
S.P. 40 BINASCO - MELEGNANO al Km 13+031 Dir. MELEGNANO,03/04/2016,10579
S.P. 40 BINASCO - MELEGNANO al Km 13+031 Dir. MELEGNANO,03/05/2016,6313
S.P. 40 BINASCO - MELEGNANO al Km 13+031 Dir. MELEGNANO,03/06/2016,5219
S.P. 40 BINASCO - MELEGNANO al Km 13+031 Dir. MELEGNANO,03/07/2016,9557
S.P. 40 BINASCO - MELEGNANO al Km 13+031 Dir. MELEGNANO,03/08/2016,10318
S.P. 40 BINASCO - MELEGNANO al Km 13+031 Dir. MELEGNANO,03/09/2016,10393
S.P. 40 BINASCO - MELEGNANO al Km 13+031 Dir. MELEGNANO,03/10/2016,10454
S.P. 40 BINASCO - MELEGNANO al Km 13+031 Dir. MELEGNANO,03/11/2016,10613
S.P. 40 BINASCO - MELEGNANO al Km 13+031 Dir. MELEGNANO,03/12/2016,7358
S.P. 40 BINASCO - MELEGNANO al Km 13+031 Dir. MELEGNANO,03/13/2016,5974
S.P. 40 BINASCO - MELEGNANO al Km 13+031 Dir. MELEGNANO,03/14/2016,10135
S.P. 40 BINASCO - MELEGNANO al Km 13+031 Dir. MELEGNANO,03/15/2016,10517
S.P. 40 BINASCO - MELEGNANO al Km 13+031 Dir. MELEGNANO,03/16/2016,10253
S.P. 40 BINASCO - MELEGNANO al Km 13+031 Dir. MELEGNANO,03/17/2016,10894
S.P. 40 BINASCO - MELEGNANO al Km 13+031 Dir. MELEGNANO,03/18/2016,10480
S.P. 40 BINASCO - MELEGNANO al Km 13+031 Dir. MELEGNANO,03/19/2016,7550
S.P. 40 BINASCO - MELEGNANO al Km 13+031 Dir. MELEGNANO,03/20/2016,6388
S.P. 40 BINASCO - MELEGNANO al Km 13+031 Dir. MELEGNANO,03/21/2016,10201
S.P. 40 BINASCO - MELEGNANO al Km 13+031 Dir. MELEGNANO,03/22/2016,9627
S.P. 40 BINASCO - MELEGNANO al Km 13+031 Dir. MELEGNANO,03/23/2016,10765
S.P. 40 BINASCO - MELEGNANO al Km 13+031 Dir. MELEGNANO,03/24/2016,11036
S.P. 40 BINASCO - MELEGNANO al Km 13+031 Dir. MELEGNANO,03/25/2016,10508
S.P. 40 BINASCO - MELEGNANO al Km 13+031 Dir. MELEGNANO,03/26/2016,6500
S.P. 40 BINASCO - MELEGNANO al Km 13+031 Dir. MELEGNANO,03/27/2016,5146
S.P. 40 BINASCO - MELEGNANO al Km 13+031 Dir. MELEGNANO,03/28/2016,4685
S.P. 40 BINASCO - MELEGNANO al Km 13+031 Dir. MELEGNANO,03/29/2016,10013
S.P. 40 BINASCO - MELEGNANO al Km 13+031 Dir. MELEGNANO,03/30/2016,10463
S.P. 40 BINASCO - MELEGNANO al Km 13+031 Dir. MELEGNANO,03/31/2016,10063
S.P. ex S.S. 11 PADANA SUPERIORE (Tratto ovest) al Km 131+341 Dir. SETTIMO MILANESE,01/01/2016,7069
S.P. ex S.S. 11 PADANA SUPERIORE (Tratto ovest) al Km 131+341 Dir. SETTIMO MILANESE,01/02/2016,8365
S.P. ex S.S. 11 PADANA SUPERIORE (Tratto ovest) al Km 131+341 Dir. SETTIMO MILANESE,01/03/2016,8611
S.P. ex S.S. 11 PADANA SUPERIORE (Tratto ovest) al Km 131+341 Dir. SETTIMO MILANESE,01/04/2016,11720
S.P. ex S.S. 11 PADANA SUPERIORE (Tratto ovest) al Km 131+341 Dir. SETTIMO MILANESE,01/05/2016,12356
S.P. ex S.S. 11 PADANA SUPERIORE (Tratto ovest) al Km 131+341 Dir. SETTIMO MILANESE,01/06/2016,9908
S.P. ex S.S. 11 PADANA SUPERIORE (Tratto ovest) al Km 131+341 Dir. SETTIMO MILANESE,01/07/2016,13917
S.P. ex S.S. 11 PADANA SUPERIORE (Tratto ovest) al Km 131+341 Dir. SETTIMO MILANESE,01/08/2016,14502
S.P. ex S.S. 11 PADANA SUPERIORE (Tratto ovest) al Km 131+341 Dir. SETTIMO MILANESE,01/09/2016,11736
S.P. ex S.S. 11 PADANA SUPERIORE (Tratto ovest) al Km 131+341 Dir. SETTIMO MILANESE,01/10/2016,10132
S.P. ex S.S. 11 PADANA SUPERIORE (Tratto ovest) al Km 131+341 Dir. SETTIMO MILANESE,01/11/2016,14759
S.P. ex S.S. 11 PADANA SUPERIORE (Tratto ovest) al Km 131+341 Dir. SETTIMO MILANESE,01/12/2016,15169
S.P. ex S.S. 11 PADANA SUPERIORE (Tratto ovest) al Km 131+341 Dir. SETTIMO MILANESE,01/13/2016,15483
S.P. ex S.S. 11 PADANA SUPERIORE (Tratto ovest) al Km 131+341 Dir. SETTIMO MILANESE,01/14/2016,16063
S.P. ex S.S. 11 PADANA SUPERIORE (Tratto ovest) al Km 131+341 Dir. SETTIMO MILANESE,01/15/2016,16866
S.P. ex S.S. 11 PADANA SUPERIORE (Tratto ovest) al Km 131+341 Dir. SETTIMO MILANESE,01/16/2016,13253
S.P. ex S.S. 11 PADANA SUPERIORE (Tratto ovest) al Km 131+341 Dir. SETTIMO MILANESE,01/17/2016,11360
S.P. ex S.S. 11 PADANA SUPERIORE (Tratto ovest) al Km 131+341 Dir. SETTIMO MILANESE,01/18/2016,15215
S.P. ex S.S. 11 PADANA SUPERIORE (Tratto ovest) al Km 131+341 Dir. SETTIMO MILANESE,01/19/2016,15317
S.P. ex S.S. 11 PADANA SUPERIORE (Tratto ovest) al Km 131+341 Dir. SETTIMO MILANESE,01/20/2016,15645
S.P. ex S.S. 11 PADANA SUPERIORE (Tratto ovest) al Km 131+341 Dir. SETTIMO MILANESE,01/21/2016,16449
S.P. ex S.S. 11 PADANA SUPERIORE (Tratto ovest) al Km 131+341 Dir. SETTIMO MILANESE,01/22/2016,16516
S.P. ex S.S. 11 PADANA SUPERIORE (Tratto ovest) al Km 131+341 Dir. SETTIMO MILANESE,01/23/2016,12886
S.P. ex S.S. 11 PADANA SUPERIORE (Tratto ovest) al Km 131+341 Dir. SETTIMO MILANESE,01/24/2016,10748
S.P. ex S.S. 11 PADANA SUPERIORE (Tratto ovest) al Km 131+341 Dir. SETTIMO MILANESE,01/25/2016,15413
S.P. ex S.S. 11 PADANA SUPERIORE (Tratto ovest) al Km 131+341 Dir. SETTIMO MILANESE,01/26/2016,15660
S.P. ex S.S. 11 PADANA SUPERIORE (Tratto ovest) al Km 131+341 Dir. SETTIMO MILANESE,01/27/2016,15557
S.P. ex S.S. 11 PADANA SUPERIORE (Tratto ovest) al Km 131+341 Dir. SETTIMO MILANESE,01/28/2016,15693
S.P. ex S.S. 11 PADANA SUPERIORE (Tratto ovest) al Km 131+341 Dir. SETTIMO MILANESE,01/29/2016,15878
S.P. ex S.S. 11 PADANA SUPERIORE (Tratto ovest) al Km 131+341 Dir. SETTIMO MILANESE,01/30/2016,13010
S.P. ex S.S. 11 PADANA SUPERIORE (Tratto ovest) al Km 131+341 Dir. SETTIMO MILANESE,01/31/2016,11137
S.P. ex S.S. 11 PADANA SUPERIORE (Tratto ovest) al Km 131+341 Dir. SETTIMO MILANESE,02/01/2016,15375
S.P. ex S.S. 11 PADANA SUPERIORE (Tratto ovest) al Km 131+341 Dir. SETTIMO MILANESE,02/02/2016,15070
S.P. ex S.S. 11 PADANA SUPERIORE (Tratto ovest) al Km 131+341 Dir. SETTIMO MILANESE,02/03/2016,15169
S.P. ex S.S. 11 PADANA SUPERIORE (Tratto ovest) al Km 131+341 Dir. SETTIMO MILANESE,02/04/2016,15718
S.P. ex S.S. 11 PADANA SUPERIORE (Tratto ovest) al Km 131+341 Dir. SETTIMO MILANESE,02/05/2016,15736
S.P. ex S.S. 11 PADANA SUPERIORE (Tratto ovest) al Km 131+341 Dir. SETTIMO MILANESE,02/06/2016,12874
S.P. ex S.S. 11 PADANA SUPERIORE (Tratto ovest) al Km 131+341 Dir. SETTIMO MILANESE,02/07/2016,9769
S.P. ex S.S. 11 PADANA SUPERIORE (Tratto ovest) al Km 131+341 Dir. SETTIMO MILANESE,02/19/2016,0
S.P. ex S.S. 11 PADANA SUPERIORE (Tratto ovest) al Km 131+341 Dir. SETTIMO MILANESE,03/05/2016,0
S.P. ex S.S. 35 MILANO-MEDA al Km 133+354 Dir. MILANO,01/01/2016,20284
S.P. ex S.S. 35 MILANO-MEDA al Km 133+354 Dir. MILANO,01/02/2016,25518
S.P. ex S.S. 35 MILANO-MEDA al Km 133+354 Dir. MILANO,01/03/2016,24904
S.P. ex S.S. 35 MILANO-MEDA al Km 133+354 Dir. MILANO,01/04/2016,32046
S.P. ex S.S. 35 MILANO-MEDA al Km 133+354 Dir. MILANO,01/05/2016,35371
S.P. ex S.S. 35 MILANO-MEDA al Km 133+354 Dir. MILANO,01/06/2016,27438
S.P. ex S.S. 35 MILANO-MEDA al Km 133+354 Dir. MILANO,01/07/2016,37232
S.P. ex S.S. 35 MILANO-MEDA al Km 133+354 Dir. MILANO,01/08/2016,40120
S.P. ex S.S. 35 MILANO-MEDA al Km 133+354 Dir. MILANO,01/09/2016,36327
S.P. ex S.S. 35 MILANO-MEDA al Km 133+354 Dir. MILANO,01/10/2016,29091
S.P. ex S.S. 35 MILANO-MEDA al Km 133+354 Dir. MILANO,01/11/2016,37506
S.P. ex S.S. 35 MILANO-MEDA al Km 133+354 Dir. MILANO,01/12/2016,38752
S.P. ex S.S. 35 MILANO-MEDA al Km 133+354 Dir. MILANO,01/13/2016,39589
S.P. ex S.S. 35 MILANO-MEDA al Km 133+354 Dir. MILANO,01/14/2016,40776
S.P. ex S.S. 35 MILANO-MEDA al Km 133+354 Dir. MILANO,01/15/2016,42086
S.P. ex S.S. 35 MILANO-MEDA al Km 133+354 Dir. MILANO,01/16/2016,40081
S.P. ex S.S. 35 MILANO-MEDA al Km 133+354 Dir. MILANO,01/17/2016,32316
S.P. ex S.S. 35 MILANO-MEDA al Km 133+354 Dir. MILANO,01/18/2016,38757
S.P. ex S.S. 35 MILANO-MEDA al Km 133+354 Dir. MILANO,01/19/2016,39428
S.P. ex S.S. 35 MILANO-MEDA al Km 133+354 Dir. MILANO,01/20/2016,39289
S.P. ex S.S. 35 MILANO-MEDA al Km 133+354 Dir. MILANO,01/21/2016,35513
S.P. ex S.S. 35 MILANO-MEDA al Km 133+354 Dir. MILANO,01/22/2016,41958
S.P. ex S.S. 35 MILANO-MEDA al Km 133+354 Dir. MILANO,01/23/2016,39877
S.P. ex S.S. 35 MILANO-MEDA al Km 133+354 Dir. MILANO,01/24/2016,32011
S.P. ex S.S. 35 MILANO-MEDA al Km 133+354 Dir. MILANO,01/25/2016,38538
S.P. ex S.S. 35 MILANO-MEDA al Km 133+354 Dir. MILANO,01/26/2016,39701
S.P. ex S.S. 35 MILANO-MEDA al Km 133+354 Dir. MILANO,01/27/2016,39905
S.P. ex S.S. 35 MILANO-MEDA al Km 133+354 Dir. MILANO,01/28/2016,41326
S.P. ex S.S. 35 MILANO-MEDA al Km 133+354 Dir. MILANO,01/29/2016,43076
S.P. ex S.S. 35 MILANO-MEDA al Km 133+354 Dir. MILANO,01/30/2016,39698
S.P. ex S.S. 35 MILANO-MEDA al Km 133+354 Dir. MILANO,01/31/2016,32834
S.P. ex S.S. 35 MILANO-MEDA al Km 133+354 Dir. MILANO,02/01/2016,38897
S.P. ex S.S. 35 MILANO-MEDA al Km 133+354 Dir. MILANO,02/02/2016,39410
S.P. ex S.S. 35 MILANO-MEDA al Km 133+354 Dir. MILANO,02/03/2016,39100
S.P. ex S.S. 35 MILANO-MEDA al Km 133+354 Dir. MILANO,02/04/2016,40236
S.P. ex S.S. 35 MILANO-MEDA al Km 133+354 Dir. MILANO,02/05/2016,41094
S.P. ex S.S. 35 MILANO-MEDA al Km 133+354 Dir. MILANO,02/06/2016,40162
S.P. ex S.S. 35 MILANO-MEDA al Km 133+354 Dir. MILANO,02/07/2016,25699
S.P. ex S.S. 35 MILANO-MEDA al Km 133+354 Dir. MILANO,02/08/2016,39134
S.P. ex S.S. 35 MILANO-MEDA al Km 133+354 Dir. MILANO,02/09/2016,39713
S.P. ex S.S. 35 MILANO-MEDA al Km 133+354 Dir. MILANO,02/10/2016,40773
S.P. ex S.S. 35 MILANO-MEDA al Km 133+354 Dir. MILANO,02/11/2016,40403
S.P. ex S.S. 35 MILANO-MEDA al Km 133+354 Dir. MILANO,02/12/2016,42920
S.P. ex S.S. 35 MILANO-MEDA al Km 133+354 Dir. MILANO,02/13/2016,38663
S.P. ex S.S. 35 MILANO-MEDA al Km 133+354 Dir. MILANO,02/14/2016,31947
S.P. ex S.S. 35 MILANO-MEDA al Km 133+354 Dir. MILANO,02/15/2016,39228
S.P. ex S.S. 35 MILANO-MEDA al Km 133+354 Dir. MILANO,02/16/2016,38089
S.P. ex S.S. 35 MILANO-MEDA al Km 133+354 Dir. MILANO,02/17/2016,39658
S.P. ex S.S. 35 MILANO-MEDA al Km 133+354 Dir. MILANO,02/18/2016,40418
S.P. ex S.S. 35 MILANO-MEDA al Km 133+354 Dir. MILANO,02/19/2016,42137
S.P. ex S.S. 35 MILANO-MEDA al Km 133+354 Dir. MILANO,02/20/2016,36540
S.P. ex S.S. 35 MILANO-MEDA al Km 133+354 Dir. MILANO,02/21/2016,33056
S.P. ex S.S. 35 MILANO-MEDA al Km 133+354 Dir. MILANO,02/22/2016,39386
S.P. ex S.S. 35 MILANO-MEDA al Km 133+354 Dir. MILANO,02/23/2016,39912
S.P. ex S.S. 35 MILANO-MEDA al Km 133+354 Dir. MILANO,02/24/2016,41243
S.P. ex S.S. 35 MILANO-MEDA al Km 133+354 Dir. MILANO,02/25/2016,37218
S.P. ex S.S. 35 MILANO-MEDA al Km 133+354 Dir. MILANO,02/26/2016,42130
S.P. ex S.S. 35 MILANO-MEDA al Km 133+354 Dir. MILANO,02/27/2016,39590
S.P. ex S.S. 35 MILANO-MEDA al Km 133+354 Dir. MILANO,02/28/2016,30097
S.P. ex S.S. 35 MILANO-MEDA al Km 133+354 Dir. MILANO,02/29/2016,37689
S.P. ex S.S. 35 MILANO-MEDA al Km 133+354 Dir. MILANO,03/01/2016,39995
S.P. ex S.S. 35 MILANO-MEDA al Km 133+354 Dir. MILANO,03/02/2016,38616
S.P. ex S.S. 35 MILANO-MEDA al Km 133+354 Dir. MILANO,03/03/2016,41271
S.P. ex S.S. 35 MILANO-MEDA al Km 133+354 Dir. MILANO,03/04/2016,42439
S.P. ex S.S. 35 MILANO-MEDA al Km 133+354 Dir. MILANO,03/05/2016,37659
S.P. ex S.S. 35 MILANO-MEDA al Km 133+354 Dir. MILANO,03/06/2016,33119
S.P. ex S.S. 35 MILANO-MEDA al Km 133+354 Dir. MILANO,03/07/2016,39790
S.P. ex S.S. 35 MILANO-MEDA al Km 133+354 Dir. MILANO,03/08/2016,40236
S.P. ex S.S. 35 MILANO-MEDA al Km 133+354 Dir. MILANO,03/09/2016,34750
S.P. ex S.S. 35 MILANO-MEDA al Km 133+354 Dir. MILANO,03/10/2016,41202
S.P. ex S.S. 35 MILANO-MEDA al Km 133+354 Dir. MILANO,03/11/2016,41685
S.P. ex S.S. 35 MILANO-MEDA al Km 133+354 Dir. MILANO,03/12/2016,40882
S.P. ex S.S. 35 MILANO-MEDA al Km 133+354 Dir. MILANO,03/13/2016,33231
S.P. ex S.S. 35 MILANO-MEDA al Km 133+354 Dir. MILANO,03/14/2016,38680
S.P. ex S.S. 35 MILANO-MEDA al Km 133+354 Dir. MILANO,03/15/2016,38687
S.P. ex S.S. 35 MILANO-MEDA al Km 133+354 Dir. MILANO,03/16/2016,39552
S.P. ex S.S. 35 MILANO-MEDA al Km 133+354 Dir. MILANO,03/17/2016,40930
S.P. ex S.S. 35 MILANO-MEDA al Km 133+354 Dir. MILANO,03/18/2016,43134
S.P. ex S.S. 35 MILANO-MEDA al Km 133+354 Dir. MILANO,03/19/2016,41584
S.P. ex S.S. 35 MILANO-MEDA al Km 133+354 Dir. MILANO,03/20/2016,34532
S.P. ex S.S. 35 MILANO-MEDA al Km 133+354 Dir. MILANO,03/21/2016,38292
S.P. ex S.S. 35 MILANO-MEDA al Km 133+354 Dir. MILANO,03/22/2016,23841
S.P. ex S.S. 35 MILANO-MEDA al Km 133+354 Dir. MILANO,03/23/2016,17331
S.P. ex S.S. 35 MILANO-MEDA al Km 133+354 Dir. MILANO,03/24/2016,42580
S.P. ex S.S. 35 MILANO-MEDA al Km 133+354 Dir. MILANO,03/25/2016,43261
S.P. ex S.S. 35 MILANO-MEDA al Km 133+354 Dir. MILANO,03/26/2016,32750
S.P. ex S.S. 35 MILANO-MEDA al Km 133+354 Dir. MILANO,03/27/2016,26240
S.P. ex S.S. 35 MILANO-MEDA al Km 133+354 Dir. MILANO,03/28/2016,26364
S.P. ex S.S. 35 MILANO-MEDA al Km 133+354 Dir. MILANO,03/29/2016,38584
S.P. ex S.S. 35 MILANO-MEDA al Km 133+354 Dir. MILANO,03/30/2016,40750
S.P. ex S.S. 35 MILANO-MEDA al Km 133+354 Dir. MILANO,03/31/2016,41655
S.P. ex S.S. 35 MILANO-MEDA al Km 134+046 Dir. MEDA,01/01/2016,20050
S.P. ex S.S. 35 MILANO-MEDA al Km 134+046 Dir. MEDA,01/02/2016,26208
S.P. ex S.S. 35 MILANO-MEDA al Km 134+046 Dir. MEDA,01/03/2016,27645
S.P. ex S.S. 35 MILANO-MEDA al Km 134+046 Dir. MEDA,01/04/2016,34052
S.P. ex S.S. 35 MILANO-MEDA al Km 134+046 Dir. MEDA,01/05/2016,36775
S.P. ex S.S. 35 MILANO-MEDA al Km 134+046 Dir. MEDA,01/06/2016,30526
S.P. ex S.S. 35 MILANO-MEDA al Km 134+046 Dir. MEDA,01/07/2016,36363
S.P. ex S.S. 35 MILANO-MEDA al Km 134+046 Dir. MEDA,01/08/2016,41389
S.P. ex S.S. 35 MILANO-MEDA al Km 134+046 Dir. MEDA,01/09/2016,37351
S.P. ex S.S. 35 MILANO-MEDA al Km 134+046 Dir. MEDA,01/10/2016,31600
S.P. ex S.S. 35 MILANO-MEDA al Km 134+046 Dir. MEDA,01/11/2016,39226
S.P. ex S.S. 35 MILANO-MEDA al Km 134+046 Dir. MEDA,01/12/2016,34609
S.P. ex S.S. 35 MILANO-MEDA al Km 134+046 Dir. MEDA,01/13/2016,42303
S.P. ex S.S. 35 MILANO-MEDA al Km 134+046 Dir. MEDA,01/14/2016,42827
S.P. ex S.S. 35 MILANO-MEDA al Km 134+046 Dir. MEDA,01/15/2016,42509
S.P. ex S.S. 35 MILANO-MEDA al Km 134+046 Dir. MEDA,01/16/2016,41740
S.P. ex S.S. 35 MILANO-MEDA al Km 134+046 Dir. MEDA,01/17/2016,34230
S.P. ex S.S. 35 MILANO-MEDA al Km 134+046 Dir. MEDA,01/18/2016,41206
S.P. ex S.S. 35 MILANO-MEDA al Km 134+046 Dir. MEDA,01/19/2016,41526
S.P. ex S.S. 35 MILANO-MEDA al Km 134+046 Dir. MEDA,01/20/2016,42859
S.P. ex S.S. 35 MILANO-MEDA al Km 134+046 Dir. MEDA,01/21/2016,43178
S.P. ex S.S. 35 MILANO-MEDA al Km 134+046 Dir. MEDA,01/22/2016,39799
S.P. ex S.S. 35 MILANO-MEDA al Km 134+046 Dir. MEDA,01/23/2016,41041
S.P. ex S.S. 35 MILANO-MEDA al Km 134+046 Dir. MEDA,01/24/2016,36223
S.P. ex S.S. 35 MILANO-MEDA al Km 134+046 Dir. MEDA,01/25/2016,35925
S.P. ex S.S. 35 MILANO-MEDA al Km 134+046 Dir. MEDA,01/26/2016,40716
S.P. ex S.S. 35 MILANO-MEDA al Km 134+046 Dir. MEDA,01/27/2016,43376
S.P. ex S.S. 35 MILANO-MEDA al Km 134+046 Dir. MEDA,01/28/2016,43645
S.P. ex S.S. 35 MILANO-MEDA al Km 134+046 Dir. MEDA,01/29/2016,43918
S.P. ex S.S. 35 MILANO-MEDA al Km 134+046 Dir. MEDA,01/30/2016,40592
S.P. ex S.S. 35 MILANO-MEDA al Km 134+046 Dir. MEDA,01/31/2016,35310
S.P. ex S.S. 35 MILANO-MEDA al Km 134+046 Dir. MEDA,02/01/2016,40530
S.P. ex S.S. 35 MILANO-MEDA al Km 134+046 Dir. MEDA,02/02/2016,36212
S.P. ex S.S. 35 MILANO-MEDA al Km 134+046 Dir. MEDA,02/03/2016,41208
S.P. ex S.S. 35 MILANO-MEDA al Km 134+046 Dir. MEDA,02/04/2016,42635
S.P. ex S.S. 35 MILANO-MEDA al Km 134+046 Dir. MEDA,02/05/2016,43211
S.P. ex S.S. 35 MILANO-MEDA al Km 134+046 Dir. MEDA,02/06/2016,40912
S.P. ex S.S. 35 MILANO-MEDA al Km 134+046 Dir. MEDA,02/07/2016,32105
S.P. ex S.S. 35 MILANO-MEDA al Km 134+046 Dir. MEDA,02/08/2016,41892
S.P. ex S.S. 35 MILANO-MEDA al Km 134+046 Dir. MEDA,02/09/2016,39566
S.P. ex S.S. 35 MILANO-MEDA al Km 134+046 Dir. MEDA,02/10/2016,42525
S.P. ex S.S. 35 MILANO-MEDA al Km 134+046 Dir. MEDA,02/11/2016,43825
S.P. ex S.S. 35 MILANO-MEDA al Km 134+046 Dir. MEDA,02/12/2016,41714
S.P. ex S.S. 35 MILANO-MEDA al Km 134+046 Dir. MEDA,02/13/2016,38290
S.P. ex S.S. 35 MILANO-MEDA al Km 134+046 Dir. MEDA,02/14/2016,35235
S.P. ex S.S. 35 MILANO-MEDA al Km 134+046 Dir. MEDA,02/15/2016,42206
S.P. ex S.S. 35 MILANO-MEDA al Km 134+046 Dir. MEDA,02/16/2016,40310
S.P. ex S.S. 35 MILANO-MEDA al Km 134+046 Dir. MEDA,02/17/2016,41135
S.P. ex S.S. 35 MILANO-MEDA al Km 134+046 Dir. MEDA,02/18/2016,43651
S.P. ex S.S. 35 MILANO-MEDA al Km 134+046 Dir. MEDA,02/19/2016,42243
S.P. ex S.S. 35 MILANO-MEDA al Km 134+046 Dir. MEDA,02/20/2016,33257
S.P. ex S.S. 35 MILANO-MEDA al Km 134+046 Dir. MEDA,02/21/2016,34101
S.P. ex S.S. 35 MILANO-MEDA al Km 134+046 Dir. MEDA,02/22/2016,41494
S.P. ex S.S. 35 MILANO-MEDA al Km 134+046 Dir. MEDA,02/23/2016,40930
S.P. ex S.S. 35 MILANO-MEDA al Km 134+046 Dir. MEDA,02/24/2016,43300
S.P. ex S.S. 35 MILANO-MEDA al Km 134+046 Dir. MEDA,02/25/2016,43725
S.P. ex S.S. 35 MILANO-MEDA al Km 134+046 Dir. MEDA,02/26/2016,44630
S.P. ex S.S. 35 MILANO-MEDA al Km 134+046 Dir. MEDA,02/27/2016,40439
S.P. ex S.S. 35 MILANO-MEDA al Km 134+046 Dir. MEDA,02/28/2016,32006
S.P. ex S.S. 35 MILANO-MEDA al Km 134+046 Dir. MEDA,02/29/2016,40409
S.P. ex S.S. 35 MILANO-MEDA al Km 134+046 Dir. MEDA,03/01/2016,37413
S.P. ex S.S. 35 MILANO-MEDA al Km 134+046 Dir. MEDA,03/02/2016,38909
S.P. ex S.S. 35 MILANO-MEDA al Km 134+046 Dir. MEDA,03/03/2016,42520
S.P. ex S.S. 35 MILANO-MEDA al Km 134+046 Dir. MEDA,03/04/2016,43801
S.P. ex S.S. 35 MILANO-MEDA al Km 134+046 Dir. MEDA,03/05/2016,38262
S.P. ex S.S. 35 MILANO-MEDA al Km 134+046 Dir. MEDA,03/06/2016,35018
S.P. ex S.S. 35 MILANO-MEDA al Km 134+046 Dir. MEDA,03/07/2016,37027
S.P. ex S.S. 35 MILANO-MEDA al Km 134+046 Dir. MEDA,03/08/2016,42962
S.P. ex S.S. 35 MILANO-MEDA al Km 134+046 Dir. MEDA,03/09/2016,44058
S.P. ex S.S. 35 MILANO-MEDA al Km 134+046 Dir. MEDA,03/10/2016,43844
S.P. ex S.S. 35 MILANO-MEDA al Km 134+046 Dir. MEDA,03/11/2016,45168
S.P. ex S.S. 35 MILANO-MEDA al Km 134+046 Dir. MEDA,03/12/2016,42443
S.P. ex S.S. 35 MILANO-MEDA al Km 134+046 Dir. MEDA,03/13/2016,36251
S.P. ex S.S. 35 MILANO-MEDA al Km 134+046 Dir. MEDA,03/14/2016,42051
S.P. ex S.S. 35 MILANO-MEDA al Km 134+046 Dir. MEDA,03/15/2016,42921
S.P. ex S.S. 35 MILANO-MEDA al Km 134+046 Dir. MEDA,03/16/2016,41274
S.P. ex S.S. 35 MILANO-MEDA al Km 134+046 Dir. MEDA,03/17/2016,44080
S.P. ex S.S. 35 MILANO-MEDA al Km 134+046 Dir. MEDA,03/18/2016,45196
S.P. ex S.S. 35 MILANO-MEDA al Km 134+046 Dir. MEDA,03/19/2016,38135
S.P. ex S.S. 35 MILANO-MEDA al Km 134+046 Dir. MEDA,03/20/2016,38316
S.P. ex S.S. 35 MILANO-MEDA al Km 134+046 Dir. MEDA,03/21/2016,42640
S.P. ex S.S. 35 MILANO-MEDA al Km 134+046 Dir. MEDA,03/22/2016,43477
S.P. ex S.S. 35 MILANO-MEDA al Km 134+046 Dir. MEDA,03/23/2016,43779
S.P. ex S.S. 35 MILANO-MEDA al Km 134+046 Dir. MEDA,03/24/2016,42685
S.P. ex S.S. 35 MILANO-MEDA al Km 134+046 Dir. MEDA,03/25/2016,37104
S.P. ex S.S. 35 MILANO-MEDA al Km 134+046 Dir. MEDA,03/26/2016,33896
S.P. ex S.S. 35 MILANO-MEDA al Km 134+046 Dir. MEDA,03/27/2016,29902
S.P. ex S.S. 35 MILANO-MEDA al Km 134+046 Dir. MEDA,03/28/2016,31679
S.P. ex S.S. 35 MILANO-MEDA al Km 134+046 Dir. MEDA,03/29/2016,41333
S.P. ex S.S. 35 MILANO-MEDA al Km 134+046 Dir. MEDA,03/30/2016,41455
S.P. ex S.S. 35 MILANO-MEDA al Km 134+046 Dir. MEDA,03/31/2016,42940
S.P. ex S.S. 415 Paullese al Km 7+051 Dir. Milano,01/01/2016,5835
S.P. ex S.S. 415 Paullese al Km 7+051 Dir. Milano,01/02/2016,8612
S.P. ex S.S. 415 Paullese al Km 7+051 Dir. Milano,01/03/2016,8127
S.P. ex S.S. 415 Paullese al Km 7+051 Dir. Milano,01/04/2016,11083
S.P. ex S.S. 415 Paullese al Km 7+051 Dir. Milano,01/05/2016,12441
S.P. ex S.S. 415 Paullese al Km 7+051 Dir. Milano,01/06/2016,9292
S.P. ex S.S. 415 Paullese al Km 7+051 Dir. Milano,01/07/2016,13033
S.P. ex S.S. 415 Paullese al Km 7+051 Dir. Milano,01/08/2016,13823
S.P. ex S.S. 415 Paullese al Km 7+051 Dir. Milano,01/09/2016,11613
S.P. ex S.S. 415 Paullese al Km 7+051 Dir. Milano,01/10/2016,10155
S.P. ex S.S. 415 Paullese al Km 7+051 Dir. Milano,01/11/2016,13731
S.P. ex S.S. 415 Paullese al Km 7+051 Dir. Milano,01/12/2016,13120
S.P. ex S.S. 415 Paullese al Km 7+051 Dir. Milano,01/13/2016,14277
S.P. ex S.S. 415 Paullese al Km 7+051 Dir. Milano,01/14/2016,14257
S.P. ex S.S. 415 Paullese al Km 7+051 Dir. Milano,01/15/2016,15012
S.P. ex S.S. 415 Paullese al Km 7+051 Dir. Milano,01/16/2016,12914
S.P. ex S.S. 415 Paullese al Km 7+051 Dir. Milano,01/17/2016,10664
S.P. ex S.S. 415 Paullese al Km 7+051 Dir. Milano,01/18/2016,14144
S.P. ex S.S. 415 Paullese al Km 7+051 Dir. Milano,01/19/2016,14379
S.P. ex S.S. 415 Paullese al Km 7+051 Dir. Milano,01/20/2016,14426
S.P. ex S.S. 415 Paullese al Km 7+051 Dir. Milano,01/21/2016,14631
S.P. ex S.S. 415 Paullese al Km 7+051 Dir. Milano,01/22/2016,14911
S.P. ex S.S. 415 Paullese al Km 7+051 Dir. Milano,01/23/2016,12393
S.P. ex S.S. 415 Paullese al Km 7+051 Dir. Milano,01/24/2016,10877
S.P. ex S.S. 415 Paullese al Km 7+051 Dir. Milano,01/25/2016,14040
S.P. ex S.S. 415 Paullese al Km 7+051 Dir. Milano,01/26/2016,14315
S.P. ex S.S. 415 Paullese al Km 7+051 Dir. Milano,01/27/2016,14562
S.P. ex S.S. 415 Paullese al Km 7+051 Dir. Milano,01/28/2016,14562
S.P. ex S.S. 415 Paullese al Km 7+051 Dir. Milano,01/29/2016,15135
S.P. ex S.S. 415 Paullese al Km 7+051 Dir. Milano,01/30/2016,12434
S.P. ex S.S. 415 Paullese al Km 7+051 Dir. Milano,01/31/2016,11087
S.P. ex S.S. 415 Paullese al Km 7+051 Dir. Milano,02/01/2016,13833
S.P. ex S.S. 415 Paullese al Km 7+051 Dir. Milano,02/02/2016,9396
S.P. ex S.S. 415 Paullese al Km 7+051 Dir. Milano,02/03/2016,14307
S.P. ex S.S. 415 Paullese al Km 7+051 Dir. Milano,02/04/2016,14713
S.P. ex S.S. 415 Paullese al Km 7+051 Dir. Milano,02/05/2016,15179
S.P. ex S.S. 415 Paullese al Km 7+051 Dir. Milano,02/06/2016,12531
S.P. ex S.S. 415 Paullese al Km 7+051 Dir. Milano,02/07/2016,9872
S.P. ex S.S. 415 Paullese al Km 7+051 Dir. Milano,02/08/2016,14272
S.P. ex S.S. 415 Paullese al Km 7+051 Dir. Milano,02/09/2016,14562
S.P. ex S.S. 415 Paullese al Km 7+051 Dir. Milano,02/10/2016,14784
S.P. ex S.S. 415 Paullese al Km 7+051 Dir. Milano,02/11/2016,14662
S.P. ex S.S. 415 Paullese al Km 7+051 Dir. Milano,02/12/2016,14628
S.P. ex S.S. 415 Paullese al Km 7+051 Dir. Milano,02/13/2016,12361
S.P. ex S.S. 415 Paullese al Km 7+051 Dir. Milano,02/14/2016,10524
S.P. ex S.S. 415 Paullese al Km 7+051 Dir. Milano,02/15/2016,14197
S.P. ex S.S. 415 Paullese al Km 7+051 Dir. Milano,02/16/2016,14148
S.P. ex S.S. 415 Paullese al Km 7+051 Dir. Milano,02/17/2016,14329
S.P. ex S.S. 415 Paullese al Km 7+051 Dir. Milano,02/18/2016,14912
S.P. ex S.S. 415 Paullese al Km 7+051 Dir. Milano,02/19/2016,15121
S.P. ex S.S. 415 Paullese al Km 7+051 Dir. Milano,02/20/2016,13109
S.P. ex S.S. 415 Paullese al Km 7+051 Dir. Milano,02/21/2016,11305
S.P. ex S.S. 415 Paullese al Km 7+051 Dir. Milano,02/22/2016,14494
S.P. ex S.S. 415 Paullese al Km 7+051 Dir. Milano,02/23/2016,14706
S.P. ex S.S. 415 Paullese al Km 7+051 Dir. Milano,02/24/2016,14517
S.P. ex S.S. 415 Paullese al Km 7+051 Dir. Milano,02/25/2016,15135
S.P. ex S.S. 415 Paullese al Km 7+051 Dir. Milano,02/26/2016,15180
S.P. ex S.S. 415 Paullese al Km 7+051 Dir. Milano,02/27/2016,12414
S.P. ex S.S. 415 Paullese al Km 7+051 Dir. Milano,02/28/2016,10011
S.P. ex S.S. 415 Paullese al Km 7+051 Dir. Milano,02/29/2016,14213
S.P. ex S.S. 415 Paullese al Km 7+051 Dir. Milano,03/01/2016,13586
S.P. ex S.S. 415 Paullese al Km 7+051 Dir. Milano,03/02/2016,14834
S.P. ex S.S. 415 Paullese al Km 7+051 Dir. Milano,03/03/2016,14816
S.P. ex S.S. 415 Paullese al Km 7+051 Dir. Milano,03/04/2016,15171
S.P. ex S.S. 415 Paullese al Km 7+051 Dir. Milano,03/05/2016,12079
S.P. ex S.S. 415 Paullese al Km 7+051 Dir. Milano,03/06/2016,10929
S.P. ex S.S. 415 Paullese al Km 7+051 Dir. Milano,03/07/2016,14676
S.P. ex S.S. 415 Paullese al Km 7+051 Dir. Milano,03/08/2016,14836
S.P. ex S.S. 415 Paullese al Km 7+051 Dir. Milano,03/09/2016,14829
S.P. ex S.S. 415 Paullese al Km 7+051 Dir. Milano,03/10/2016,15062
S.P. ex S.S. 415 Paullese al Km 7+051 Dir. Milano,03/11/2016,15519
S.P. ex S.S. 415 Paullese al Km 7+051 Dir. Milano,03/12/2016,13522
S.P. ex S.S. 415 Paullese al Km 7+051 Dir. Milano,03/13/2016,11258
S.P. ex S.S. 415 Paullese al Km 7+051 Dir. Milano,03/14/2016,14399
S.P. ex S.S. 415 Paullese al Km 7+051 Dir. Milano,03/15/2016,15094
S.P. ex S.S. 415 Paullese al Km 7+051 Dir. Milano,03/16/2016,14708
S.P. ex S.S. 415 Paullese al Km 7+051 Dir. Milano,03/17/2016,15221
S.P. ex S.S. 415 Paullese al Km 7+051 Dir. Milano,03/18/2016,15712
S.P. ex S.S. 415 Paullese al Km 7+051 Dir. Milano,03/19/2016,13765
S.P. ex S.S. 415 Paullese al Km 7+051 Dir. Milano,03/20/2016,11623
S.P. ex S.S. 415 Paullese al Km 7+051 Dir. Milano,03/21/2016,14677
S.P. ex S.S. 415 Paullese al Km 7+051 Dir. Milano,03/22/2016,14919
S.P. ex S.S. 415 Paullese al Km 7+051 Dir. Milano,03/23/2016,15324
S.P. ex S.S. 415 Paullese al Km 7+051 Dir. Milano,03/24/2016,15182
S.P. ex S.S. 415 Paullese al Km 7+051 Dir. Milano,03/25/2016,14252
S.P. ex S.S. 415 Paullese al Km 7+051 Dir. Milano,03/26/2016,10890
S.P. ex S.S. 415 Paullese al Km 7+051 Dir. Milano,03/27/2016,8929
S.P. ex S.S. 415 Paullese al Km 7+051 Dir. Milano,03/28/2016,10089
S.P. ex S.S. 415 Paullese al Km 7+051 Dir. Milano,03/29/2016,14325
S.P. ex S.S. 415 Paullese al Km 7+051 Dir. Milano,03/30/2016,14614
S.P. ex S.S. 415 Paullese al Km 7+051 Dir. Milano,03/31/2016,15053
S.P. ex S.S. 415 Paullese al Km 7+581 Dir. Paullo,01/01/2016,5411
S.P. ex S.S. 415 Paullese al Km 7+581 Dir. Paullo,01/02/2016,8390
S.P. ex S.S. 415 Paullese al Km 7+581 Dir. Paullo,01/03/2016,7650
S.P. ex S.S. 415 Paullese al Km 7+581 Dir. Paullo,01/04/2016,10807
S.P. ex S.S. 415 Paullese al Km 7+581 Dir. Paullo,01/05/2016,11872
S.P. ex S.S. 415 Paullese al Km 7+581 Dir. Paullo,01/06/2016,9183
S.P. ex S.S. 415 Paullese al Km 7+581 Dir. Paullo,01/07/2016,12236
S.P. ex S.S. 415 Paullese al Km 7+581 Dir. Paullo,01/08/2016,13387
S.P. ex S.S. 415 Paullese al Km 7+581 Dir. Paullo,01/09/2016,11247
S.P. ex S.S. 415 Paullese al Km 7+581 Dir. Paullo,01/10/2016,9568
S.P. ex S.S. 415 Paullese al Km 7+581 Dir. Paullo,01/11/2016,13405
S.P. ex S.S. 415 Paullese al Km 7+581 Dir. Paullo,01/12/2016,13675
S.P. ex S.S. 415 Paullese al Km 7+581 Dir. Paullo,01/13/2016,13559
S.P. ex S.S. 415 Paullese al Km 7+581 Dir. Paullo,01/14/2016,13839
S.P. ex S.S. 415 Paullese al Km 7+581 Dir. Paullo,01/15/2016,14602
S.P. ex S.S. 415 Paullese al Km 7+581 Dir. Paullo,01/16/2016,12377
S.P. ex S.S. 415 Paullese al Km 7+581 Dir. Paullo,01/17/2016,10277
S.P. ex S.S. 415 Paullese al Km 7+581 Dir. Paullo,01/18/2016,13817
S.P. ex S.S. 415 Paullese al Km 7+581 Dir. Paullo,01/19/2016,13120
S.P. ex S.S. 415 Paullese al Km 7+581 Dir. Paullo,01/20/2016,13922
S.P. ex S.S. 415 Paullese al Km 7+581 Dir. Paullo,01/21/2016,14201
S.P. ex S.S. 415 Paullese al Km 7+581 Dir. Paullo,01/22/2016,14605
S.P. ex S.S. 415 Paullese al Km 7+581 Dir. Paullo,01/23/2016,12243
S.P. ex S.S. 415 Paullese al Km 7+581 Dir. Paullo,01/24/2016,10604
S.P. ex S.S. 415 Paullese al Km 7+581 Dir. Paullo,01/25/2016,13656
S.P. ex S.S. 415 Paullese al Km 7+581 Dir. Paullo,01/26/2016,13833
S.P. ex S.S. 415 Paullese al Km 7+581 Dir. Paullo,01/27/2016,14055
S.P. ex S.S. 415 Paullese al Km 7+581 Dir. Paullo,01/28/2016,14322
S.P. ex S.S. 415 Paullese al Km 7+581 Dir. Paullo,01/29/2016,14843
S.P. ex S.S. 415 Paullese al Km 7+581 Dir. Paullo,01/30/2016,12229
S.P. ex S.S. 415 Paullese al Km 7+581 Dir. Paullo,01/31/2016,10480
S.P. ex S.S. 415 Paullese al Km 7+581 Dir. Paullo,02/01/2016,13889
S.P. ex S.S. 415 Paullese al Km 7+581 Dir. Paullo,02/02/2016,13660
S.P. ex S.S. 415 Paullese al Km 7+581 Dir. Paullo,02/03/2016,13822
S.P. ex S.S. 415 Paullese al Km 7+581 Dir. Paullo,02/04/2016,14508
S.P. ex S.S. 415 Paullese al Km 7+581 Dir. Paullo,02/05/2016,14959
S.P. ex S.S. 415 Paullese al Km 7+581 Dir. Paullo,02/06/2016,12200
S.P. ex S.S. 415 Paullese al Km 7+581 Dir. Paullo,02/07/2016,9510
S.P. ex S.S. 415 Paullese al Km 7+581 Dir. Paullo,02/08/2016,13755
S.P. ex S.S. 415 Paullese al Km 7+581 Dir. Paullo,02/09/2016,14052
S.P. ex S.S. 415 Paullese al Km 7+581 Dir. Paullo,02/10/2016,14410
S.P. ex S.S. 415 Paullese al Km 7+581 Dir. Paullo,02/11/2016,14273
S.P. ex S.S. 415 Paullese al Km 7+581 Dir. Paullo,02/12/2016,14593
S.P. ex S.S. 415 Paullese al Km 7+581 Dir. Paullo,02/13/2016,11835
S.P. ex S.S. 415 Paullese al Km 7+581 Dir. Paullo,02/14/2016,9755
S.P. ex S.S. 415 Paullese al Km 7+581 Dir. Paullo,02/15/2016,13781
S.P. ex S.S. 415 Paullese al Km 7+581 Dir. Paullo,02/16/2016,13671
S.P. ex S.S. 415 Paullese al Km 7+581 Dir. Paullo,02/17/2016,13860
S.P. ex S.S. 415 Paullese al Km 7+581 Dir. Paullo,02/18/2016,14441
S.P. ex S.S. 415 Paullese al Km 7+581 Dir. Paullo,02/19/2016,14801
S.P. ex S.S. 415 Paullese al Km 7+581 Dir. Paullo,02/20/2016,12599
S.P. ex S.S. 415 Paullese al Km 7+581 Dir. Paullo,02/21/2016,10731
S.P. ex S.S. 415 Paullese al Km 7+581 Dir. Paullo,02/22/2016,13755
S.P. ex S.S. 415 Paullese al Km 7+581 Dir. Paullo,02/23/2016,14069
S.P. ex S.S. 415 Paullese al Km 7+581 Dir. Paullo,02/24/2016,14393
S.P. ex S.S. 415 Paullese al Km 7+581 Dir. Paullo,02/25/2016,14711
S.P. ex S.S. 415 Paullese al Km 7+581 Dir. Paullo,02/26/2016,14955
S.P. ex S.S. 415 Paullese al Km 7+581 Dir. Paullo,02/27/2016,11958
S.P. ex S.S. 415 Paullese al Km 7+581 Dir. Paullo,02/28/2016,9564
S.P. ex S.S. 415 Paullese al Km 7+581 Dir. Paullo,02/29/2016,13689
S.P. ex S.S. 415 Paullese al Km 7+581 Dir. Paullo,03/01/2016,13814
S.P. ex S.S. 415 Paullese al Km 7+581 Dir. Paullo,03/02/2016,14092
S.P. ex S.S. 415 Paullese al Km 7+581 Dir. Paullo,03/03/2016,14509
S.P. ex S.S. 415 Paullese al Km 7+581 Dir. Paullo,03/04/2016,15039
S.P. ex S.S. 415 Paullese al Km 7+581 Dir. Paullo,03/05/2016,11712
S.P. ex S.S. 415 Paullese al Km 7+581 Dir. Paullo,03/06/2016,10278
S.P. ex S.S. 415 Paullese al Km 7+581 Dir. Paullo,03/07/2016,14218
S.P. ex S.S. 415 Paullese al Km 7+581 Dir. Paullo,03/08/2016,14435
S.P. ex S.S. 415 Paullese al Km 7+581 Dir. Paullo,03/09/2016,14426
S.P. ex S.S. 415 Paullese al Km 7+581 Dir. Paullo,03/10/2016,14583
S.P. ex S.S. 415 Paullese al Km 7+581 Dir. Paullo,03/11/2016,15159
S.P. ex S.S. 415 Paullese al Km 7+581 Dir. Paullo,03/12/2016,12907
S.P. ex S.S. 415 Paullese al Km 7+581 Dir. Paullo,03/13/2016,10864
S.P. ex S.S. 415 Paullese al Km 7+581 Dir. Paullo,03/14/2016,14033
S.P. ex S.S. 415 Paullese al Km 7+581 Dir. Paullo,03/15/2016,14366
S.P. ex S.S. 415 Paullese al Km 7+581 Dir. Paullo,03/16/2016,14384
S.P. ex S.S. 415 Paullese al Km 7+581 Dir. Paullo,03/17/2016,14700
S.P. ex S.S. 415 Paullese al Km 7+581 Dir. Paullo,03/18/2016,15588
S.P. ex S.S. 415 Paullese al Km 7+581 Dir. Paullo,03/19/2016,13222
S.P. ex S.S. 415 Paullese al Km 7+581 Dir. Paullo,03/20/2016,11022
S.P. ex S.S. 415 Paullese al Km 7+581 Dir. Paullo,03/21/2016,14213
S.P. ex S.S. 415 Paullese al Km 7+581 Dir. Paullo,03/22/2016,14421
S.P. ex S.S. 415 Paullese al Km 7+581 Dir. Paullo,03/23/2016,15035
S.P. ex S.S. 415 Paullese al Km 7+581 Dir. Paullo,03/24/2016,15054
S.P. ex S.S. 415 Paullese al Km 7+581 Dir. Paullo,03/25/2016,14211
S.P. ex S.S. 415 Paullese al Km 7+581 Dir. Paullo,03/26/2016,10854
S.P. ex S.S. 415 Paullese al Km 7+581 Dir. Paullo,03/27/2016,8351
S.P. ex S.S. 415 Paullese al Km 7+581 Dir. Paullo,03/28/2016,8575
S.P. ex S.S. 415 Paullese al Km 7+581 Dir. Paullo,03/29/2016,13672
S.P. ex S.S. 415 Paullese al Km 7+581 Dir. Paullo,03/30/2016,14058
S.P. ex S.S. 415 Paullese al Km 7+581 Dir. Paullo,03/31/2016,14396
