Campagna,Codice stazione,Codice aziendale,Reg,Prov,Stazione,Cod Istat,Comune,Linea fisica,Saliti24H,Saliti7-9,Discesi7-9,Corse24H,Corse7-9,Saliti_S,Saliti_R,Saliti_RE,Corse_S,Corse_R,Corse_RE,Tipo giorno,Anno,Calendario,Location,POINT_X,POINT_Y
c_maggio2024,-,-,EM,-,-,-,-,-,1360,230,350,134,16,0,1360,0,0,134,0,Feriale,2024,invernale (mag),0,0,0
c_maggio2024,-,-,PI,-,-,-,-,-,4330,780,530,301,37,0,1440,2900,0,217,84,Feriale,2024,invernale (mag),0,0,0
c_maggio2024,-,-,VE,-,-,-,-,-,6640,660,440,33,3,0,0,6640,0,0,33,Feriale,2024,invernale (mag),0,0,0
c_maggio2024,-,-,ZZ,-,-,-,-,-,1320,110,80,44,6,1320,0,0,44,0,0,Feriale,2024,invernale (mag),0,0,0
c_maggio2024,146,S01416,LO,LC,ABBADIA LARIANA,97001,Abbadia Lariana,TIRANO-MILANO Lc-So,190,80,20,27,4,0,170,30,0,26,1,Feriale,2024,invernale (mag),POINT (9.335204987 45.895939932),9.335204987,45.895939932
c_maggio2024,89,S01062,LO,MI,ABBIATEGRASSO,15002,Abbiategrasso,MILANO-MORTARA-AL,2650,930,200,48,8,0,2650,0,0,48,0,Feriale,2024,invernale (mag),POINT (8.921337035 45.400715222),8.921337035,45.400715222
c_maggio2024,303,S01913,LO,CR,ACQUANEGRA CREMONESE,19001,Acquanegra Cremonese,CODOGNO-MANTOVA,30,20,20,11,3,0,30,0,0,11,0,Feriale,2024,invernale (mag),POINT (9.888484165 45.172179192),9.888484165,45.172179192
c_maggio2024,199,S01515,LO,LC,AIRUNO,97002,Airuno,TIRANO-MILANO Mz-Lc,1220,390,100,73,8,1220,0,0,73,0,0,Feriale,2024,invernale (mag),POINT (9.422096968 45.754167715),9.422096968,45.754167715
c_maggio2024,5844,S01059,LO,MI,ALBAIRATE-VERMEZZO,15005,Albairate,MILANO-MORTARA-AL,2380,660,240,113,13,1220,1170,0,67,46,0,Feriale,2024,invernale (mag),POINT (8.957371048 45.404429355),8.957371048,45.404429355
c_maggio2024,210,S01534,LO,BG,ALBANO S.ALESSANDRO,16003,Albano Sant'Alessandro,LECCO-BRESCIA,160,30,20,36,5,0,160,0,0,36,0,Feriale,2024,invernale (mag),POINT (9.768053847 45.682821561),9.768053847,45.682821561
c_maggio2024,165,S01450,LO,CO,ALBATE TRECALLO,13075,Como,ALBATE-MOLTENO,40,10,20,22,4,0,40,0,0,22,0,Feriale,2024,invernale (mag),POINT (9.095790373 45.777467374),9.095790373,45.777467374
c_maggio2024,120,S01310,LO,CO,ALBATE-CAMERLATA,13075,Como,CHIASSO-MILANO,0,0,0,1,0,0,0,0,1,0,0,Feriale,2024,invernale (mag),POINT (9.07349887 45.777443385),0.907349887,45.777443385
c_maggio2024,116,S01209,LO,VA,ALBIZZATE-SOLBIATE ARNO,12002,Albizzate,PORTO C.-GALLARATE,760,290,70,72,8,720,0,50,71,0,1,Feriale,2024,invernale (mag),POINT (8.806241922 45.724198779),8.806241922,45.724198779
c_maggio2024,285,S01863,LO,PV,ALBUZZANO,18004,Albuzzano,PAVIA-CASALPUST.,80,20,20,24,4,0,80,0,0,24,0,Feriale,2024,invernale (mag),POINT (9.261661322 45.17259006),9.261661322,4.517259006
c_maggio2024,206,S01527,LO,BG,AMBIVERE-MAPELLO,16009,Ambivere,LECCO-BRESCIA,180,50,30,31,4,0,180,0,0,31,0,Feriale,2024,invernale (mag),POINT (9.550472449 45.722244877),9.550472449,45.722244877
c_maggio2024,168,S01453,LO,CO,ANZANO DEL PARCO,13009,Anzano del Parco,ALBATE-MOLTENO,40,30,10,22,4,0,40,0,0,22,0,Feriale,2024,invernale (mag),POINT (9.202711127 45.765037334),9.202711127,45.765037334
c_maggio2024,5836,S01608,LO,BG,ARCENE,16011,Arcene,BERGAMO-CREMONA,390,200,30,36,4,0,390,10,0,35,1,Feriale,2024,invernale (mag),POINT (9.606556547 45.577555908),9.606556547,45.577555908
c_maggio2024,111,S01203,LO,VA,ARCISATE,12004,Arcisate,PORTO C.-GALLARATE,1020,300,110,78,10,540,0,490,44,0,34,Feriale,2024,invernale (mag),POINT (8.862448264 45.85865032),8.862448264,4.585865032
c_maggio2024,194,S01510,LO,MI,ARCORE,108004,Arcore,TIRANO-MILANO Mz-Lc,5000,1770,560,116,14,3220,1790,0,73,43,0,Feriale,2024,invernale (mag),POINT (9.322824319 45.623570636),9.322824319,45.623570636
c_maggio2024,153,S01427,LO,SO,ARDENNO-MASINO,14005,Ardenno,TIRANO-MILANO Lc-So,90,40,20,22,4,0,90,0,0,22,0,Feriale,2024,invernale (mag),POINT (9.651405996 46.162053348),9.651405996,46.162053348
c_maggio2024,324,S01947,LO,PV,ARENA PO,18005,Arena Po,ALESS.-PIACENZA,30,10,10,14,1,0,30,0,0,14,0,Feriale,2024,invernale (mag),POINT (9.360421355 45.082147008),9.360421355,45.082147008
c_maggio2024,71,S01020,PI,NO,ARONA,3008,Arona,DOMODOSSOLA-MILANO,1320,330,130,52,7,0,540,790,0,30,22,Feriale,2024,invernale (mag),POINT (8.559107617 45.75531295),8.559107617,4.575531295
c_maggio2024,2709,S01092,LO,CO,Arosio,13012,Arosio,Seveso - Asso,530,300,40,52,8,0,530,0,0,52,0,Feriale,2024,invernale (mag),POINT (9.210246869 45.71835634),9.210246869,4.571835634
c_maggio2024,275,S01847,LO,MN,ASOLA,20002,Asola,BRESCIA-PARMA,290,70,50,32,4,0,290,0,0,32,0,Feriale,2024,invernale (mag),POINT (10.402333601 45.220534843),10.402333601,45.220534843
c_maggio2024,2711,S01101,LO,CO,Asso,13013,Asso,Seveso - Asso,320,100,0,36,2,0,320,0,0,36,0,Feriale,2024,invernale (mag),POINT (9.269120449 45.854922626),9.269120449,45.854922626
c_maggio2024,295,S01901,LO,BS,BAGNOLO MELLA,17009,Bagnolo Mella,BRESCIA-CREMONA,320,70,40,31,3,0,320,0,0,31,0,Feriale,2024,invernale (mag),POINT (10.183641825 45.428611146),10.183641825,45.428611146
c_maggio2024,2712,S01741,LO,VA,Barasso-Comerio,12008,Barasso,Varese Nord - Laveno Momb,300,130,30,40,6,0,120,180,0,22,18,Feriale,2024,invernale (mag),POINT (8.751273836 45.835130751),8.751273836,45.835130751
c_maggio2024,317,S01932,LO,PV,BARBIANELLO,18008,Barbianello,PAVIA-STRADELLA,40,10,10,26,3,0,40,0,0,26,0,Feriale,2024,invernale (mag),POINT (9.20419733 45.072712294),0.920419733,45.072712294
c_maggio2024,286,S01864,LO,PV,BELGIOIOSO,18013,Belgioioso,PAVIA-CASALPUST.,350,140,30,24,4,0,350,0,0,24,0,Feriale,2024,invernale (mag),POINT (9.316907213 45.164645746),9.316907213,45.164645746
c_maggio2024,140,S01409,LO,LC,BELLANO-TARTAVALLE TERME,97008,Bellano,TIRANO-MILANO Lc-So,700,120,50,53,5,0,270,430,0,26,27,Feriale,2024,invernale (mag),POINT (9.302811247 46.03952264),9.302811247,4.603952264
c_maggio2024,208,S01529,LO,BG,BERGAMO,16024,Bergamo,LECCO-BRESCIA,10170,2250,2390,130,20,0,3830,6340,0,75,55,Feriale,2024,invernale (mag),POINT (9.675111057 45.690343725),9.675111057,45.690343725
c_maggio2024,185,S01488,LO,MI,BESANA,108008,Besana in Brianza,MONZA-LECCO,560,190,70,40,6,560,0,0,40,0,0,Feriale,2024,invernale (mag),POINT (9.28291338 45.702901578),0.928291338,45.702901578
c_maggio2024,108,S01145,LO,VA,BESNATE,12012,Besnate,LUINO-GALLARATE,110,40,20,23,3,40,70,0,11,12,0,Feriale,2024,invernale (mag),POINT (8.761109294 45.695486482),8.761109294,45.695486482
c_maggio2024,104,S01141,LO,VA,BESOZZO,12013,Besozzo,LUINO-GALLARATE,240,70,30,24,2,70,170,0,11,13,0,Feriale,2024,invernale (mag),POINT (8.66303949 45.842264864),0.866303949,45.842264864
c_maggio2024,162,S01438,LO,SO,BIANZONE,14008,Bianzone,TIRANO-MILANO So-Tir,30,30,10,5,1,0,10,30,0,4,1,Feriale,2024,invernale (mag),POINT (10.11252885 46.179456527),1.011252885,46.179456527
c_maggio2024,180,S01483,LO,MI,BIASSONO-LESMO,108009,Biassono,MONZA-LECCO,300,160,20,40,6,300,0,0,40,0,0,Feriale,2024,invernale (mag),POINT (9.298437032 45.632291281),9.298437032,45.632291281
c_maggio2024,110,S01202,LO,VA,BISUSCHIO-VIGGIU',12015,Bisuschio,PORTO C.-GALLARATE,330,80,60,34,4,0,0,330,0,0,34,Feriale,2024,invernale (mag),POINT (8.887580152 45.870733966),8.887580152,45.870733966
c_maggio2024,2715,S01778,LO,BS,Boario Terme,17065,Darfo Boario Terme,Pisogne - Breno,280,40,30,31,3,0,140,140,0,19,12,Feriale,2024,invernale (mag),POINT (10.190958686 45.892043214),10.190958686,45.892043214
c_maggio2024,2716,S01071,LO,MI,Bollate Centro,15027,Bollate,Milano Nord Cadorna - Sar,2830,1070,510,133,16,2830,0,0,133,0,0,Feriale,2024,invernale (mag),POINT (9.123062868 45.542718874),9.123062868,45.542718874
c_maggio2024,2717,S01072,LO,MI,Bollate Nord,15027,Bollate,Milano Nord Cadorna - Sar,1050,490,120,133,16,1050,0,0,133,0,0,Feriale,2024,invernale (mag),POINT (9.112398385 45.552681567),9.112398385,45.552681567
c_maggio2024,2718,S01797,LO,BS,Borgo S. Giovanni,17029,Brescia,Brescia - Iseo,200,30,40,35,6,0,200,0,0,35,0,Feriale,2024,invernale (mag),POINT (10.190716021 45.543253206),10.190716021,45.543253206
c_maggio2024,267,S01830,LO,MI,BORGOLOMBARDO,15192,San Donato Milanese,MILANO-BOLOGNA,790,270,140,78,9,790,0,0,78,0,0,Feriale,2024,invernale (mag),POINT (9.271012475 45.40385926),9.271012475,4.540385926
c_maggio2024,2719,S01788,LO,BS,Borgonato Adro,17062,Corte Franca,Brescia - Iseo,250,20,10,35,4,0,250,0,0,35,0,Feriale,2024,invernale (mag),POINT (10.020113024 45.622225521),10.020113024,45.622225521
c_maggio2024,2720,S01789,LO,BS,Bornato Calino,17046,Cazzago San Martino,Brescia - Iseo,410,120,20,38,6,0,400,20,0,35,3,Feriale,2024,invernale (mag),POINT (10.033113278 45.590424717),10.033113278,45.590424717
c_maggio2024,2721,S01085,LO,MI,Bovisio Masciago - Mombello,108010,Bovisio-Masciago,Milano Nord Bovisa - Seve,2140,930,330,133,16,2140,0,0,133,0,0,Feriale,2024,invernale (mag),POINT (9.141581449 45.612055387),9.141581449,45.612055387
c_maggio2024,310,S01920,LO,MN,BOZZOLO,20007,Bozzolo,CODOGNO-MANTOVA,470,90,50,28,3,0,30,450,0,7,21,Feriale,2024,invernale (mag),POINT (10.472685666 45.107331585),10.472685666,45.107331585
c_maggio2024,167,S01452,LO,CO,BRENNA-ALZATE,13029,Brenna,ALBATE-MOLTENO,40,20,10,22,4,0,40,0,0,22,0,Feriale,2024,invernale (mag),POINT (9.183346262 45.75412075),9.183346262,4.575412075
c_maggio2024,2722,S01005,LO,BS,Breno,17028,Breno,Pisogne - Breno,490,50,150,31,3,0,300,190,0,19,12,Feriale,2024,invernale (mag),POINT (10.305483792 45.959261369),10.305483792,45.959261369
c_maggio2024,247,S01717,LO,BS,BRESCIA,17029,Brescia,MILANO-VENEZIA,11880,1650,3220,223,31,0,5870,6020,0,172,51,Feriale,2024,invernale (mag),POINT (10.212859202 45.53239364),10.212859202,4.553239364
c_maggio2024,5920,S17451,LO,BS,Brescia Violino,17029,Brescia,Brescia - Iseo,50,20,20,29,5,0,50,0,0,29,0,Feriale,2024,invernale (mag),0,0,0
c_maggio2024,315,S01930,LO,PV,BRESSANA ARGINE,18023,Bressana Bottarone,PAVIA-STRADELLA,180,90,10,26,4,0,180,0,0,26,0,Feriale,2024,invernale (mag),POINT (9.137068363 45.072826093),9.137068363,45.072826093
c_maggio2024,252,S01805,LO,PV,BRESSANA BOTTARONE,18023,Bressana Bottarone,MILANO-GENOVA,240,120,30,31,5,0,200,40,0,26,5,Feriale,2024,invernale (mag),POINT (9.11063508 45.086379858),0.911063508,45.086379858
c_maggio2024,322,S01944,LO,PV,BRONI,18024,Broni,ALESS.-PIACENZA,330,60,30,32,3,0,330,0,0,32,0,Feriale,2024,invernale (mag),POINT (9.258788494 45.066345425),9.258788494,45.066345425
c_maggio2024,78,S01031,LO,VA,BUSTO ARSIZIO,12026,Busto Arsizio,DOMODOSSOLA-MILANO,4930,1380,1150,173,24,2420,820,1700,86,30,57,Feriale,2024,invernale (mag),POINT (8.865063882 45.616237821),8.865063882,45.616237821
c_maggio2024,2724,S01137,LO,VA,Busto Arsizio Nord,12026,Busto Arsizio,Saronno - Novara,5610,1740,790,199,24,230,3420,1960,17,80,102,Feriale,2024,invernale (mag),POINT (8.85203345 45.606009961),0.885203345,45.606009961
c_maggio2024,179,S01482,LO,MI,BUTTAFAVA,108049,Villasanta,MONZA-LECCO,150,90,10,40,6,150,0,0,40,0,0,Feriale,2024,invernale (mag),POINT (9.301221362 45.621491933),9.301221362,45.621491933
c_maggio2024,2725,S01088,LO,CO,Cabiate,13035,Cabiate,Seveso - Asso,580,270,80,56,9,20,560,0,3,53,0,Feriale,2024,invernale (mag),POINT (9.168578192 45.675909631),9.168578192,45.675909631
c_maggio2024,2726,S01759,LO,CO,Cadorago,13036,Cadorago,Saronno - Como,590,230,40,64,8,0,580,10,0,63,1,Feriale,2024,invernale (mag),POINT (9.041099041 45.729810407),9.041099041,45.729810407
c_maggio2024,243,S01712,LO,BG,CALCIO,16044,Calcio,MILANO-VENEZIA,120,30,20,31,5,0,120,0,0,31,0,Feriale,2024,invernale (mag),POINT (9.841366587 45.533015966),9.841366587,45.533015966
c_maggio2024,95,S01117,LO,VA,CALDE',12045,Castelveccana,LUINO-GALLARATE,50,10,10,23,1,30,20,0,11,12,0,Feriale,2024,invernale (mag),POINT (8.663196767 45.945891984),8.663196767,45.945891984
c_maggio2024,203,S01524,LO,LC,CALOLZIOCORTE-OLGINATE,97013,Calolziocorte,TIRANO-MILANO Mz-Lc,2860,880,360,114,15,2220,410,240,73,31,10,Feriale,2024,invernale (mag),POINT (9.427005558 45.80169532),9.427005558,4.580169532
c_maggio2024,192,S01503,LO,BG,CALUSCO,16046,Calusco d'Adda,SEREGNO-BERGAMO,900,350,90,43,6,0,900,0,0,43,0,Feriale,2024,invernale (mag),POINT (9.470679691 45.684190766),9.470679691,45.684190766
c_maggio2024,271,S01843,LO,BS,CALVISANO,17034,Calvisano,BRESCIA-PARMA,210,70,40,31,4,0,210,0,0,31,0,Feriale,2024,invernale (mag),POINT (10.349435029 45.346652138),10.349435029,45.346652138
c_maggio2024,124,S01316,LO,MI,CAMNAGO-LENTATE,108054,Lentate sul Seveso,CHIASSO-MILANO,2230,770,360,142,16,2230,0,0,142,0,0,Feriale,2024,invernale (mag),POINT (9.133490346 45.668502905),9.133490346,45.668502905
c_maggio2024,80,S01034,LO,MI,CANEGRATE,15046,Canegrate,DOMODOSSOLA-MILANO,1600,680,150,70,9,1530,80,0,69,1,0,Feriale,2024,invernale (mag),POINT (8.926634655 45.569313656),8.926634655,45.569313656
c_maggio2024,276,S01848,LO,MN,CANNETO SULL'OGLIO,20008,Canneto sull'Oglio,BRESCIA-PARMA,240,70,40,31,4,0,240,0,0,31,0,Feriale,2024,invernale (mag),POINT (10.371498908 45.150287495),10.371498908,45.150287495
c_maggio2024,2975,S01206,LO,VA,Cantello Gaggiolo,12030,Cantello,Mendrisio-Varese,670,180,50,44,6,670,0,0,44,0,0,Feriale,2024,invernale (mag),POINT (8.906974756 45.837723396),8.906974756,45.837723396
c_maggio2024,166,S01451,LO,CO,CANTU',13041,Cantu',ALBATE-MOLTENO,60,30,10,23,4,0,60,0,0,23,0,Feriale,2024,invernale (mag),POINT (9.130350159 45.752397871),9.130350159,45.752397871
c_maggio2024,122,S01313,LO,CO,CANTU'-CERMENATE,13064,Cermenate,CHIASSO-MILANO,820,380,90,73,10,730,0,90,71,0,2,Feriale,2024,invernale (mag),POINT (9.099312432 45.716313773),9.099312432,45.716313773
c_maggio2024,2727,S01099,LO,CO,Canzo,13042,Canzo,Seveso - Asso,260,80,10,36,3,0,260,0,0,36,0,Feriale,2024,invernale (mag),POINT (9.27022843 45.849100359),0.927022843,45.849100359
c_maggio2024,2728,S01771,LO,BS,Capo di Ponte,17035,Capo di Ponte,Breno - Edolo,220,40,10,28,4,0,150,70,0,16,12,Feriale,2024,invernale (mag),POINT (10.346501697 46.030817614),10.346501697,46.030817614
c_maggio2024,220,S01603,LO,CR,CAPRALBA,19015,Capralba,BERGAMO-CREMONA,150,70,10,35,5,0,150,0,0,35,0,Feriale,2024,invernale (mag),POINT (9.640048136 45.443945977),9.640048136,45.443945977
c_maggio2024,183,S01486,LO,MI,CARATE-CALO',108015,Carate Brianza,MONZA-LECCO,30,20,10,40,7,30,0,0,40,0,0,Feriale,2024,invernale (mag),POINT (9.252340508 45.67652894),9.252340508,4.567652894
c_maggio2024,219,S01602,LO,BG,CARAVAGGIO,16053,Caravaggio,BERGAMO-CREMONA,300,90,50,35,5,0,300,0,0,35,0,Feriale,2024,invernale (mag),POINT (9.637752922 45.491237226),9.637752922,45.491237226
c_maggio2024,123,S01315,LO,CO,CARIMATE,13046,Carimate,CHIASSO-MILANO,580,230,60,71,8,580,0,0,71,0,0,Feriale,2024,invernale (mag),POINT (9.107220464 45.697171053),9.107220464,45.697171053
c_maggio2024,195,S01511,LO,MI,CARNATE USMATE,108016,Carnate,TIRANO-MILANO Mz-Lc,4490,1660,410,122,17,2840,1330,320,73,43,6,Feriale,2024,invernale (mag),POINT (9.375117342 45.653149706),9.375117342,45.653149706
c_maggio2024,2729,S01076,LO,VA,Caronno Pertusella,12034,Caronno Pertusella,Milano Nord Cadorna - Sar,830,390,60,133,16,830,0,0,133,0,0,Feriale,2024,invernale (mag),POINT (9.058328414 45.598187372),9.058328414,45.598187372
c_maggio2024,2730,S01091,LO,CO,Carugo-Giussano,13048,Carugo,Seveso - Asso,830,440,90,51,7,0,830,0,0,51,0,Feriale,2024,invernale (mag),POINT (9.198950125 45.705742211),9.198950125,45.705742211
c_maggio2024,225,S01609,LO,CR,CASALBUTTANO,19016,Casalbuttano ed Uniti,BERGAMO-CREMONA,250,40,20,36,4,0,250,0,0,36,0,Feriale,2024,invernale (mag),POINT (9.962387322 45.255479026),9.962387322,45.255479026
c_maggio2024,221,S01604,LO,CR,CASALETTO VAPRIO,19020,Casaletto Vaprio,BERGAMO-CREMONA,150,30,20,35,4,0,150,0,0,35,0,Feriale,2024,invernale (mag),POINT (9.631769572 45.408725407),9.631769572,45.408725407
c_maggio2024,278,S01850,LO,CR,CASALMAGGIORE,19021,Casalmaggiore,BRESCIA-PARMA,470,120,90,34,4,0,470,0,0,34,0,Feriale,2024,invernale (mag),POINT (10.425041217 44.993222003),10.425041217,44.993222003
c_maggio2024,264,S01827,LO,LO,CASALPUSTERLENGO,98010,Casalpusterlengo,MILANO-BOLOGNA,1780,440,280,64,9,0,1770,20,0,62,2,Feriale,2024,invernale (mag),POINT (9.653655261 45.182559249),9.653655261,45.182559249
c_maggio2024,171,S01457,LO,LC,CASLETTO-ROGENO,97072,Rogeno,ALBATE-MOLTENO,60,40,10,22,4,0,60,0,0,22,0,Feriale,2024,invernale (mag),POINT (9.275406768 45.786104223),9.275406768,45.786104223
c_maggio2024,2731,S01758,LO,CO,Caslino al Piano,13036,Cadorago,Saronno - Como,460,240,40,64,8,0,450,10,0,63,1,Feriale,2024,invernale (mag),POINT (9.040174552 45.711047814),9.040174552,45.711047814
c_maggio2024,2732,S01098,LO,CO,Caslino d'Erba,13052,Caslino d'Erba,Seveso - Asso,50,0,0,31,2,0,50,0,0,31,0,Feriale,2024,invernale (mag),POINT (9.232326937 45.835130456),9.232326937,45.835130456
c_maggio2024,76,S01029,LO,VA,CASORATE SEMPIONE,12039,Casorate Sempione,DOMODOSSOLA-MILANO,330,120,30,30,5,0,330,0,0,30,0,Feriale,2024,invernale (mag),POINT (8.743986914 45.675152648),8.743986914,45.675152648
c_maggio2024,187,S01490,LO,LC,CASSAGO-NIBIONNO-BULC.,97017,Cassago Brianza,MONZA-LECCO,320,110,40,38,6,320,0,0,38,0,0,Feriale,2024,invernale (mag),POINT (9.279864449 45.746319529),9.279864449,45.746319529
c_maggio2024,238,S01707,LO,MI,CASSANO D'ADDA,15059,Cassano d'Adda,MILANO-VENEZIA,940,420,70,96,16,930,20,10,93,2,1,Feriale,2024,invernale (mag),POINT (9.512780391 45.5144503),9.512780391,0.455144503
c_maggio2024,2733,S01752,LO,MI,Castano Primo,15062,Castano Primo,Saronno - Novara,840,370,80,36,6,0,840,0,0,36,0,Feriale,2024,invernale (mag),POINT (8.772746679 45.556048921),8.772746679,45.556048921
c_maggio2024,320,S01942,LO,PV,CASTEGGIO,18037,Casteggio,ALESS.-PIACENZA,20,0,0,6,0,0,20,0,0,6,0,Feriale,2024,invernale (mag),POINT (9.124623708 45.01745237),9.124623708,4.501745237
c_maggio2024,2734,S01795,LO,BS,Castegnato,17040,Castegnato,Brescia - Iseo,690,140,40,35,6,0,690,0,0,35,0,Feriale,2024,invernale (mag),POINT (10.118369673 45.566191714),10.118369673,45.566191714
c_maggio2024,325,S01948,EM,PC,CASTEL S.GIOVANNI,33013,Castel San Giovanni,ALESS.-PIACENZA,180,20,20,14,1,0,180,0,0,14,0,Feriale,2024,invernale (mag),POINT (9.436615112 45.06320024),9.436615112,4.506320024
c_maggio2024,2735,S01136,LO,VA,Castellanza,12042,Castellanza,Saronno - Novara,1420,690,180,80,12,0,1420,0,0,80,0,Feriale,2024,invernale (mag),POINT (8.875445238 45.610465237),8.875445238,45.610465237
c_maggio2024,223,S01606,LO,CR,CASTELLEONE,19025,Castelleone,BERGAMO-CREMONA,370,160,30,36,5,0,370,0,0,36,0,Feriale,2024,invernale (mag),POINT (9.767822253 45.301905969),9.767822253,45.301905969
c_maggio2024,155,S01429,LO,SO,CASTIONE ANDEVENNO,14015,Castione Andevenno,TIRANO-MILANO Lc-So,10,10,10,1,1,0,10,0,0,1,0,Feriale,2024,invernale (mag),POINT (9.806179088 46.161737068),9.806179088,46.161737068
c_maggio2024,115,S01208,LO,VA,CASTRONNO,12047,Castronno,PORTO C.-GALLARATE,560,240,50,72,8,540,0,30,71,0,1,Feriale,2024,invernale (mag),POINT (8.810338911 45.745312285),8.810338911,45.745312285
c_maggio2024,41,S00279,LO,PV,CAVA CARBONARA,18151,Sommo,VERCELLI-PAVIA,80,30,20,30,5,0,80,0,0,30,0,Feriale,2024,invernale (mag),POINT (9.071427457 45.147136385),9.071427457,45.147136385
c_maggio2024,304,S01914,LO,CR,CAVA TIGOZZI,19095,Sesto ed Uniti,CODOGNO-MANTOVA,20,10,10,10,2,0,20,0,0,10,0,Feriale,2024,invernale (mag),POINT (9.95584963 45.156899589),0.995584963,45.156899589
c_maggio2024,117,S01210,LO,VA,CAVARIA-OGGIONA IERAGO,12048,Cavaria con Premezzo,PORTO C.-GALLARATE,860,330,80,72,8,820,0,50,71,0,1,Feriale,2024,invernale (mag),POINT (8.80353632 45.698222542),0.880353632,45.698222542
c_maggio2024,2737,S01769,LO,BS,Cedegolo,17047,Cedegolo,Breno - Edolo,480,140,120,28,4,0,270,220,0,16,12,Feriale,2024,invernale (mag),POINT (10.350009092 46.072304074),10.350009092,46.072304074
c_maggio2024,2738,S01934,LO,MI,Ceriano Laghetto-Solaro,108018,Ceriano Laghetto,Saronno - Seregno,340,80,50,64,8,340,0,0,64,0,0,Feriale,2024,invernale (mag),POINT (9.079931416 45.62488063),9.079931416,4.562488063
c_maggio2024,197,S01513,LO,LC,CERNUSCO-MERATE,97020,Cernusco Lombardone,TIRANO-MILANO Mz-Lc,2110,780,200,77,9,2030,0,90,73,0,4,Feriale,2024,invernale (mag),POINT (9.396827762 45.695177577),9.396827762,45.695177577
c_maggio2024,250,S01803,LO,PV,CERTOSA DI PAVIA,18046,Certosa di Pavia,MILANO-GENOVA,800,360,50,73,8,800,0,0,72,0,1,Feriale,2024,invernale (mag),POINT (9.154491353 45.257008002),9.154491353,45.257008002
c_maggio2024,2910,S01112,LO,MI,Cesano Boscone,15074,Cesano Boscone,MILANO-MORTARA-AL,680,250,90,69,8,680,10,0,67,2,0,Feriale,2024,invernale (mag),POINT (9.09119676 45.430270342),0.909119676,45.430270342
c_maggio2024,2739,S01086,LO,MI,Cesano Maderno,108019,Cesano Maderno,Milano Nord Bovisa - Seve,5470,2160,670,250,32,3520,1960,0,197,53,0,Feriale,2024,invernale (mag),POINT (9.141966766 45.631316886),9.141966766,45.631316886
c_maggio2024,2740,S01075,LO,MI,Cesate,15076,Cesate,Milano Nord Cadorna - Sar,1280,670,130,133,16,1280,0,0,133,0,0,Feriale,2024,invernale (mag),POINT (9.066684079 45.590910137),9.066684079,45.590910137
c_maggio2024,2741,S01772,LO,BS,Ceto-Cerveno,17050,Ceto,Breno - Edolo,90,0,10,14,2,0,90,0,0,14,0,Feriale,2024,invernale (mag),POINT (10.339003482 45.996851549),10.339003482,45.996851549
c_maggio2024,244,S01713,LO,BS,CHIARI,17052,Chiari,MILANO-VENEZIA,2070,670,200,68,9,0,770,1300,0,32,36,Feriale,2024,invernale (mag),POINT (9.926507709 45.540192478),9.926507709,45.540192478
c_maggio2024,118,S01301,LO,CO,CHIASSO,13075,Como,CHIASSO-MILANO,5640,360,950,86,11,910,0,4740,58,0,28,Feriale,2024,invernale (mag),POINT (9.031333374 45.83194478),9.031333374,4.583194478
c_maggio2024,131,S01400,LO,SO,CHIAVENNA,14018,Chiavenna,CHIAVENNA-COLICO,500,30,230,30,4,0,500,0,0,30,0,Feriale,2024,invernale (mag),POINT (9.40716091 46.321335044),0.940716091,46.321335044
c_maggio2024,290,S01868,LO,PV,CHIGNOLO PO,18048,Chignolo Po,PAVIA-CASALPUST.,140,60,30,24,4,0,140,0,0,24,0,Feriale,2024,invernale (mag),POINT (9.494226195 45.161018526),9.494226195,45.161018526
c_maggio2024,212,S01536,LO,BG,CHIUDUNO,16073,Chiuduno,LECCO-BRESCIA,210,50,20,37,5,0,210,0,0,37,0,Feriale,2024,invernale (mag),POINT (9.846952911 45.650526953),9.846952911,45.650526953
c_maggio2024,159,S01435,LO,SO,CHIURO,14020,Chiuro,TIRANO-MILANO So-Tir,20,10,10,4,1,0,10,10,0,3,1,Feriale,2024,invernale (mag),POINT (9.992350444 46.164731947),9.992350444,46.164731947
c_maggio2024,204,S01525,LO,BG,CISANO-CAPRINO BERGAM.,16074,Cisano Bergamasco,LECCO-BRESCIA,370,140,40,31,4,0,370,0,0,31,0,Feriale,2024,invernale (mag),POINT (9.474295043 45.739683366),9.474295043,45.739683366
c_maggio2024,2742,S01725,LO,VA,Cislago,12050,Cislago,Saronno - Varese Nord,1150,530,80,60,8,0,1150,0,0,60,0,Feriale,2024,invernale (mag),POINT (8.977690608 45.66104502),8.977690608,4.566104502
c_maggio2024,2743,S01746,LO,VA,Cittiglio,12051,Cittiglio,Varese Nord - Laveno Momb,540,230,40,40,6,0,240,310,0,22,18,Feriale,2024,invernale (mag),POINT (8.667398533 45.892327453),8.667398533,45.892327453
c_maggio2024,175,S01462,LO,LC,CIVATE,97022,Civate,MONZA-LECCO,130,10,20,34,5,130,10,0,33,1,0,Feriale,2024,invernale (mag),POINT (9.352910244 45.831371067),9.352910244,45.831371067
c_maggio2024,2744,S01774,LO,BS,Cividate Malegno,17055,Cividate Camuno,Pisogne - Breno,290,20,10,18,2,0,290,0,0,18,0,Feriale,2024,invernale (mag),POINT (10.268355766 45.943563723),10.268355766,45.943563723
c_maggio2024,216,S01540,LO,BS,COCCAGLIO,17056,Coccaglio,LECCO-BRESCIA,490,160,40,39,6,0,490,0,0,39,0,Feriale,2024,invernale (mag),POINT (9.977670318 45.561044402),9.977670318,45.561044402
c_maggio2024,2745,S01744,LO,VA,Cocquio-Trevisago,12053,Cocquio-Trevisago,Varese Nord - Laveno Momb,420,160,30,40,6,0,180,240,0,22,18,Feriale,2024,invernale (mag),POINT (8.690075387 45.860132463),8.690075387,45.860132463
c_maggio2024,265,S01828,LO,LO,CODOGNO,98019,Codogno,MILANO-BOLOGNA,2280,750,260,91,13,0,1570,710,0,67,24,Feriale,2024,invernale (mag),POINT (9.701405698 45.154978635),9.701405698,45.154978635
c_maggio2024,2746,S01775,LO,BS,Cogno-Esine,17206,Piancogno,Pisogne - Breno,110,30,20,18,2,0,110,0,0,18,0,Feriale,2024,invernale (mag),POINT (10.241034794 45.929174261),10.241034794,45.929174261
c_maggio2024,148,S01420,LO,LC,COLICO,97023,Colico,TIRANO-MILANO Lc-So,1550,380,220,85,11,0,750,800,0,58,27,Feriale,2024,invernale (mag),POINT (9.375255676 46.138093311),9.375255676,46.138093311
c_maggio2024,215,S01539,LO,BS,COLOGNE,17059,Cologne,LECCO-BRESCIA,130,30,20,36,5,0,130,0,0,36,0,Feriale,2024,invernale (mag),POINT (9.935343868 45.576709508),9.935343868,45.576709508
c_maggio2024,2748,S01763,LO,CO,Como Camerlata (FN),13075,Como,Saronno - Como,1540,340,390,67,9,0,1440,110,0,63,4,Feriale,2024,invernale (mag),POINT (9.079423298 45.78441339),9.079423298,4.578441339
c_maggio2024,6331,S01308,LO,CO,Como Camerlata (RFI),13075,Como,CHIASSO-MILANO,2390,620,350,123,16,720,130,1550,72,23,28,Feriale,2024,invernale (mag),0,0,0
c_maggio2024,2747,S01764,LO,CO,Como Nord Borghi,13075,Como,Saronno - Como,2260,480,970,66,9,0,2050,210,0,62,4,Feriale,2024,invernale (mag),POINT (9.09095794 45.804910086),0.909095794,45.804910086
c_maggio2024,2749,S01765,LO,CO,Como Nord Lago,13075,Como,Saronno - Como,2030,180,190,62,7,0,1970,60,0,60,2,Feriale,2024,invernale (mag),POINT (9.084320036 45.813688508),9.084320036,45.813688508
c_maggio2024,119,S01307,LO,CO,COMO S.GIOVANNI,13075,Como,CHIASSO-MILANO,6050,1160,850,148,22,2260,140,3660,94,23,31,Feriale,2024,invernale (mag),POINT (9.072359552 45.809022727),9.072359552,45.809022727
c_maggio2024,85,S01041,LO,MI,CORBETTA-S.STEFANO TIC.,15200,Santo Stefano Ticino,TORINO-MILANO,1270,550,150,73,8,1270,0,0,73,0,0,Feriale,2024,invernale (mag),POINT (8.917496093 45.480908343),8.917496093,45.480908343
c_maggio2024,5854,S01109,LO,MI,Cormano-Cusano Milanino,15098,Cusano Milanino,Milano Nord Bovisa - Seve,2800,1180,350,133,16,2800,0,0,133,0,0,Feriale,2024,invernale (mag),POINT (9.173714792 45.545195079),9.173714792,45.545195079
c_maggio2024,91,S01064,LO,MI,CORSICO,15093,Corsico,MILANO-MORTARA-AL,260,90,40,69,8,260,10,0,67,2,0,Feriale,2024,invernale (mag),POINT (9.105184247 45.434772406),9.105184247,45.434772406
c_maggio2024,287,S01865,LO,PV,CORTEOLONA,18056,Corteolona,PAVIA-CASALPUST.,150,60,30,24,5,0,150,0,0,24,0,Feriale,2024,invernale (mag),POINT (9.375508787 45.159782769),9.375508787,45.159782769
c_maggio2024,150,S01424,LO,SO,COSIO-TRAONA,14024,Cosio Valtellino,TIRANO-MILANO Lc-So,60,10,10,22,3,0,60,0,0,22,0,Feriale,2024,invernale (mag),POINT (9.525530191 46.135638189),9.525530191,46.135638189
c_maggio2024,188,S01491,LO,LC,COSTA MASNAGA,97026,Costa Masnaga,MONZA-LECCO,360,220,50,38,8,360,0,0,38,0,0,Feriale,2024,invernale (mag),POINT (9.28526064 45.763506456),0.928526064,45.763506456
c_maggio2024,222,S01605,LO,CR,CREMA,19035,Crema,BERGAMO-CREMONA,940,180,230,36,5,0,940,0,0,36,0,Feriale,2024,invernale (mag),POINT (9.694241457 45.366939013),9.694241457,45.366939013
c_maggio2024,305,S01915,LO,CR,CREMONA,19036,Cremona,CODOGNO-MANTOVA,2800,450,880,112,15,0,1420,1380,0,88,24,Feriale,2024,invernale (mag),POINT (10.017983096 45.143301262),10.017983096,45.143301262
c_maggio2024,121,S01312,LO,CO,CUCCIAGO,13084,Cucciago,CHIASSO-MILANO,390,170,30,71,8,390,0,0,71,0,0,Feriale,2024,invernale (mag),POINT (9.082243395 45.740890259),9.082243395,45.740890259
c_maggio2024,2752,S01006,LO,BS,Darfo-Corna,17065,Darfo Boario Terme,Pisogne - Breno,560,40,60,29,4,0,270,300,0,19,10,Feriale,2024,invernale (mag),POINT (10.181314081 45.884311375),10.181314081,45.884311375
c_maggio2024,149,S01422,LO,SO,DELEBIO,14026,Delebio,TIRANO-MILANO Lc-So,270,70,30,22,3,0,270,0,0,22,0,Feriale,2024,invernale (mag),POINT (9.461205764 46.138723845),9.461205764,46.138723845
c_maggio2024,139,S01408,LO,LC,DERVIO,97030,Dervio,TIRANO-MILANO Lc-So,240,30,10,27,2,0,240,10,0,26,1,Feriale,2024,invernale (mag),POINT (9.305992528 46.077782965),9.305992528,46.077782965
c_maggio2024,331,S02084,LO,BS,DESENZANO DEL GARDA-SIR.,17067,Desenzano del Garda,MILANO-VENEZIA,2460,630,210,33,5,0,0,2460,0,0,33,Feriale,2024,invernale (mag),POINT (10.536345381 45.462760508),10.536345381,45.462760508
c_maggio2024,126,S01320,LO,MI,DESIO,108023,Desio,CHIASSO-MILANO,3340,1260,400,137,17,3250,0,90,136,0,1,Feriale,2024,invernale (mag),POINT (9.218522811 45.620194911),9.218522811,45.620194911
c_maggio2024,138,S01407,LO,LC,DORIO,97032,Dorio,TIRANO-MILANO Lc-So,30,10,10,27,2,0,30,10,0,26,1,Feriale,2024,invernale (mag),POINT (9.319096567 46.102830519),9.319096567,46.102830519
c_maggio2024,72,S01025,PI,NO,DORMELLETTO,3062,Dormelletto,DOMODOSSOLA-MILANO,140,30,20,30,5,0,140,0,0,30,0,Feriale,2024,invernale (mag),POINT (8.57439962 45.73009066),0.857439962,4.573009066
c_maggio2024,136,S01405,LO,SO,DUBINO,14027,Dubino,CHIAVENNA-COLICO,180,60,20,30,4,0,180,0,0,30,0,Feriale,2024,invernale (mag),POINT (9.43221491 46.17287979),0.943221491,4.617287979
c_maggio2024,2753,S01002,LO,BS,Edolo,17068,Edolo,Breno - Edolo,240,30,160,28,4,0,90,150,0,16,12,Feriale,2024,invernale (mag),POINT (10.33206974 46.176686703),1.033206974,46.176686703
c_maggio2024,2754,S01096,LO,CO,Erba,13095,Erba,Seveso - Asso,990,220,240,52,7,0,990,0,0,52,0,Feriale,2024,invernale (mag),POINT (9.230305963 45.813198114),9.230305963,45.813198114
c_maggio2024,2860,S01138,LO,VA,Ferno-Lonate P.,12068,Ferno,Busto Arsizio - Malpensa,740,320,100,61,8,90,660,0,17,44,0,Feriale,2024,invernale (mag),POINT (8.754982528 45.608628952),8.754982528,45.608628952
c_maggio2024,46,S00404,LO,PV,FERRERA LOMELLINA,18062,Ferrera Erbognone,CAVA C.-TORREBER,140,30,20,29,4,0,140,0,0,29,0,Feriale,2024,invernale (mag),POINT (8.862842274 45.111893407),8.862842274,45.111893407
c_maggio2024,2756,S01760,LO,CO,Fino Mornasco,13102,Fino Mornasco,Saronno - Como,420,200,40,64,8,0,410,10,0,63,1,Feriale,2024,invernale (mag),POINT (9.047021129 45.746532082),9.047021129,45.746532082
c_maggio2024,142,S01412,LO,LC,FIUMELATTE,97084,Varenna,TIRANO-MILANO Lc-So,40,10,0,26,3,0,40,10,0,25,1,Feriale,2024,invernale (mag),POINT (9.292892864 45.999092366),9.292892864,45.999092366
c_maggio2024,90,S01063,LO,MI,GAGGIANO,15103,Gaggiano,MILANO-MORTARA-AL,130,10,100,69,8,130,10,0,67,2,0,Feriale,2024,invernale (mag),POINT (9.031152518 45.408906664),9.031152518,45.408906664
c_maggio2024,77,S01030,LO,VA,GALLARATE,12070,Gallarate,DOMODOSSOLA-MILANO,7530,1890,1460,201,28,3090,1690,2760,100,43,58,Feriale,2024,invernale (mag),POINT (8.79828248 45.659901549),0.879828248,45.659901549
c_maggio2024,2853,S01748,PI,NO,Galliate,3068,Galliate,Saronno - Novara,550,230,70,36,6,0,550,0,0,36,0,Feriale,2024,invernale (mag),POINT (8.691135844 45.481138261),8.691135844,45.481138261
c_maggio2024,36,S00274,LO,PV,GAMBOLO'-REMONDO',18068,Gambolo',VERCELLI-PAVIA,90,20,10,29,4,0,90,0,0,29,0,Feriale,2024,invernale (mag),POINT (8.797608181 45.235955245),8.797608181,45.235955245
c_maggio2024,2758,S01074,LO,MI,Garbagnate Milanese,15105,Garbagnate Milanese,Milano Nord Cadorna - Sar,2380,970,330,133,16,2380,0,0,133,0,0,Feriale,2024,invernale (mag),POINT (9.08029848 45.579923026),0.908029848,45.579923026
c_maggio2024,2810,S01073,LO,MI,Garbagnate Parco Groane,15105,Garbagnate Milanese,Milano Nord Cadorna - Sar,1220,530,100,133,16,1220,0,0,133,0,0,Feriale,2024,invernale (mag),POINT (9.091157698 45.571158456),9.091157698,45.571158456
c_maggio2024,38,S00276,LO,PV,GARLASCO,18069,Garlasco,VERCELLI-PAVIA,270,90,30,29,4,0,270,0,0,29,0,Feriale,2024,invernale (mag),POINT (8.926867354 45.199033929),8.926867354,45.199033929
c_maggio2024,2759,S01742,LO,VA,Gavirate,12072,Gavirate,Varese Nord - Laveno Momb,650,210,80,40,6,0,310,350,0,22,18,Feriale,2024,invernale (mag),POINT (8.714805048 45.84561142),8.714805048,4.584561142
c_maggio2024,2760,S01743,LO,VA,Gavirate-Verbano,12072,Gavirate,Varese Nord - Laveno Momb,120,30,140,8,3,0,100,30,0,6,2,Feriale,2024,invernale (mag),POINT (8.706523665 45.851178857),8.706523665,45.851178857
c_maggio2024,114,S01207,LO,VA,GAZZADA-SCHIANNO-MORAZZ.,12073,Gazzada Schianno,PORTO C.-GALLARATE,760,220,190,72,8,730,0,30,71,0,1,Feriale,2024,invernale (mag),POINT (8.824846806 45.778700868),8.824846806,45.778700868
c_maggio2024,307,S01917,LO,CR,GAZZO-PIEVE S.GIACOMO,19075,Pieve San Giacomo,CODOGNO-MANTOVA,60,40,10,8,1,0,60,10,0,7,1,Feriale,2024,invernale (mag),POINT (10.18994286 45.137237048),1.018994286,45.137237048
c_maggio2024,2761,S01745,LO,VA,Gemonio,12074,Gemonio,Varese Nord - Laveno Momb,420,190,30,40,6,0,160,260,0,22,18,Feriale,2024,invernale (mag),POINT (8.67388218 45.877604611),0.867388218,45.877604611
c_maggio2024,2762,S01724,LO,VA,Gerenzano-Turate,12075,Gerenzano,Saronno - Varese Nord,1490,660,110,60,8,0,1490,0,0,60,0,Feriale,2024,invernale (mag),POINT (9.001531027 45.645585349),9.001531027,45.645585349
c_maggio2024,269,S01841,LO,BS,GHEDI,17078,Ghedi,BRESCIA-PARMA,300,100,40,32,4,0,300,0,0,32,0,Feriale,2024,invernale (mag),POINT (10.280538985 45.409522832),10.280538985,45.409522832
c_maggio2024,2763,S01762,LO,CO,Grandate-Breccia,13110,Grandate,Saronno - Como,1310,490,290,67,9,0,1130,190,0,63,4,Feriale,2024,invernale (mag),POINT (9.055656 45.781300073),0.009055656,45.781300073
c_maggio2024,39,S00277,LO,PV,GROPELLO CAIROLI,18076,Gropello Cairoli,VERCELLI-PAVIA,170,60,20,29,4,0,170,0,0,29,0,Feriale,2024,invernale (mag),POINT (8.991656466 45.17318205),8.991656466,4.517318205
c_maggio2024,213,S01537,LO,BG,GRUMELLO DEL MONTE,16120,Grumello del Monte,LECCO-BRESCIA,740,190,110,39,6,0,740,0,0,39,0,Feriale,2024,invernale (mag),POINT (9.86279802 45.634179821),0.986279802,45.634179821
c_maggio2024,112,S01204,LO,VA,INDUNO OLONA,12083,Induno Olona,PORTO C.-GALLARATE,1110,370,120,78,10,530,0,590,44,0,34,Feriale,2024,invernale (mag),POINT (8.838391122 45.846513143),8.838391122,45.846513143
c_maggio2024,2765,S01093,LO,CO,Inverigo,13118,Inverigo,Seveso - Asso,450,260,30,52,7,0,450,0,0,52,0,Feriale,2024,invernale (mag),POINT (9.224441129 45.740269966),9.224441129,45.740269966
c_maggio2024,2766,S01021,LO,BS,Iseo,17085,Iseo,Brescia - Iseo,1120,90,260,49,5,0,770,360,0,37,12,Feriale,2024,invernale (mag),POINT (10.050103236 45.656525986),10.050103236,45.656525986
c_maggio2024,291,S01869,LO,PV,LAMBRINIA,18048,Chignolo Po,PAVIA-CASALPUST.,100,30,10,24,4,0,100,0,0,24,0,Feriale,2024,invernale (mag),POINT (9.527461442 45.164457002),9.527461442,45.164457002
c_maggio2024,2767,S01094,LO,CO,Lambrugo-Lurago,13121,Lambrugo,Seveso - Asso,260,110,20,51,6,0,260,0,0,51,0,Feriale,2024,invernale (mag),POINT (9.238491713 45.761639869),9.238491713,45.761639869
c_maggio2024,96,S01118,LO,VA,LAVENO MOMBELLO,12087,Laveno-Mombello,LUINO-GALLARATE,180,30,30,24,2,80,100,0,11,13,0,Feriale,2024,invernale (mag),POINT (8.624617825 45.903348381),8.624617825,45.903348381
c_maggio2024,2768,S01747,LO,VA,Laveno Mombello Nord,12087,Laveno-Mombello,Varese Nord - Laveno Momb,1080,240,220,40,6,0,620,470,0,22,18,Feriale,2024,invernale (mag),POINT (8.619246466 45.907983681),8.619246466,45.907983681
c_maggio2024,200,S01520,LO,LC,LECCO,97042,Lecco,TIRANO-MILANO Mz-Lc,9950,1380,2930,209,26,5820,1480,2660,109,64,36,Feriale,2024,invernale (mag),POINT (9.39367574 45.856547373),0.939367574,45.856547373
c_maggio2024,201,S01522,LO,LC,LECCO MAGGIANICO,97042,Lecco,TIRANO-MILANO Mz-Lc,860,150,120,73,8,860,0,0,73,0,0,Feriale,2024,invernale (mag),POINT (9.41172 45.831255298),0.000941172,45.831255298
c_maggio2024,79,S01033,LO,MI,LEGNANO,15118,Legnano,DOMODOSSOLA-MILANO,5250,1700,670,111,16,3090,270,1910,69,6,36,Feriale,2024,invernale (mag),POINT (8.910667666 45.59373533),8.910667666,4.559373533
c_maggio2024,5837,S01611,LO,BG,LEVATE,16126,Levate,BERGAMO-CREMONA,400,160,50,36,4,0,400,0,0,35,1,Feriale,2024,invernale (mag),POINT (9.62785005 45.622899995),0.962785005,45.622899995
c_maggio2024,143,S01413,LO,LC,LIERNA,97043,Lierna,TIRANO-MILANO Lc-So,290,90,30,27,3,0,260,40,0,26,1,Feriale,2024,invernale (mag),POINT (9.303109353 45.961043911),9.303109353,45.961043911
c_maggio2024,127,S01321,LO,MI,LISSONE-MUGGIO',108028,Lissone,CHIASSO-MILANO,4440,1650,690,136,16,4440,0,0,136,0,0,Feriale,2024,invernale (mag),POINT (9.235404174 45.605998474),9.235404174,45.605998474
c_maggio2024,248,S01801,LO,MI,LOCATE TRIULZI,15125,Locate di Triulzi,MILANO-GENOVA,2300,750,210,73,8,2300,0,0,72,0,1,Feriale,2024,invernale (mag),POINT (9.221434768 45.359805985),9.221434768,45.359805985
c_maggio2024,2770,S01727,LO,CO,Locate Varesino-Carbonate,13045,Carbonate,Saronno - Varese Nord,390,140,30,60,8,0,390,0,0,60,0,Feriale,2024,invernale (mag),POINT (8.936075743 45.689931017),8.936075743,45.689931017
c_maggio2024,262,S01825,LO,LO,LODI,98031,Lodi,MILANO-BOLOGNA,5710,1410,1260,130,18,2250,2300,1170,70,38,22,Feriale,2024,invernale (mag),POINT (9.497612624 45.309042271),9.497612624,45.309042271
c_maggio2024,2771,S01757,LO,CO,Lomazzo,13133,Lomazzo,Saronno - Como,1680,770,210,67,9,0,1480,200,0,63,4,Feriale,2024,invernale (mag),POINT (9.036101686 45.698756116),9.036101686,45.698756116
c_maggio2024,47,S00405,LO,PV,LOMELLO,18083,Lomello,CAVA C.-TORREBER,140,30,20,29,4,0,140,0,0,29,0,Feriale,2024,invernale (mag),POINT (8.799151452 45.117357692),8.799151452,45.117357692
c_maggio2024,93,S01113,LO,VA,LUINO,12092,Luino,LUINO-GALLARATE,270,60,50,24,3,140,130,0,11,13,0,Feriale,2024,invernale (mag),POINT (8.737497575 45.996713632),8.737497575,45.996713632
c_maggio2024,181,S01484,LO,MI,MACHERIO CANONICA,108029,Macherio,MONZA-LECCO,130,70,10,40,6,130,0,0,40,0,0,Feriale,2024,invernale (mag),POINT (9.286771042 45.645615415),9.286771042,45.645615415
c_maggio2024,226,S01610,LO,CR,MADIGNANO,19055,Madignano,BERGAMO-CREMONA,140,60,10,34,4,0,140,0,0,34,0,Feriale,2024,invernale (mag),POINT (9.730205146 45.343905446),9.730205146,45.343905446
c_maggio2024,84,S01040,LO,MI,MAGENTA,15130,Magenta,TORINO-MILANO,2420,700,490,73,8,2420,0,0,73,0,0,Feriale,2024,invernale (mag),POINT (8.880674725 45.468283265),8.880674725,45.468283265
c_maggio2024,300,S01910,LO,LO,MALEO,98035,Maleo,CODOGNO-MANTOVA,40,20,20,12,3,0,40,10,0,11,1,Feriale,2024,invernale (mag),POINT (9.755227418 45.170199162),9.755227418,45.170199162
c_maggio2024,2772,S01737,LO,VA,Malnate,12096,Malnate,Saronno - Varese Nord,1910,970,130,83,13,0,1280,640,0,65,18,Feriale,2024,invernale (mag),POINT (8.878340888 45.795307714),8.878340888,45.795307714
c_maggio2024,2773,S01767,LO,BS,Malonno,17101,Malonno,Breno - Edolo,390,100,80,28,4,0,190,210,0,16,12,Feriale,2024,invernale (mag),POINT (10.316784194 46.118514889),10.316784194,46.118514889
c_maggio2024,2859,S01139,LO,VA,Malpensa Aeroporto T1,12140,Vizzola Ticino,Busto Arsizio - Malpensa,7230,790,1240,163,18,50,2450,4740,17,44,102,Feriale,2024,invernale (mag),POINT (8.711317166 45.626885232),8.711317166,45.626885232
c_maggio2024,5919,S01146,LO,VA,Malpensa Aeroporto T2,12140,Vizzola Ticino,Busto Arsizio - Malpensa,1960,100,320,163,18,0,540,1420,17,44,102,Feriale,2024,invernale (mag),POINT (8.721967232 45.65058598),8.721967232,4.565058598
c_maggio2024,145,S01415,LO,LC,MANDELLO DEL LARIO,97046,Mandello del Lario,TIRANO-MILANO Lc-So,1000,530,70,53,8,0,540,470,0,26,27,Feriale,2024,invernale (mag),POINT (9.322094648 45.915283559),9.322094648,45.915283559
c_maggio2024,296,S01902,LO,BS,MANERBIO,17103,Manerbio,BRESCIA-CREMONA,410,120,40,33,4,0,410,0,0,33,0,Feriale,2024,invernale (mag),POINT (10.132373607 45.357291955),10.132373607,45.357291955
c_maggio2024,2775,S01089,LO,CO,Mariano Comense,13143,Mariano Comense,Seveso - Asso,1580,670,410,56,8,50,1540,0,3,53,0,Feriale,2024,invernale (mag),POINT (9.18152941 45.693595207),0.918152941,45.693595207
c_maggio2024,2776,S01783,LO,BS,Marone-Zone,17106,Marone,Iseo - Pisogne,290,60,20,33,4,0,240,50,0,21,12,Feriale,2024,invernale (mag),POINT (10.093296727 45.738197328),10.093296727,45.738197328
c_maggio2024,2777,S01087,LO,MI,Meda,108030,Meda,Seveso - Asso,810,330,370,62,9,110,700,0,9,53,0,Feriale,2024,invernale (mag),POINT (9.159047744 45.66230355),9.159047744,4.566230355
c_maggio2024,48,S00406,LO,PV,MEDE,18088,Mede,CAVA C.-TORREBER,270,60,30,29,4,0,270,0,0,29,0,Feriale,2024,invernale (mag),POINT (8.742632705 45.095095656),8.742632705,45.095095656
c_maggio2024,259,S01822,LO,MI,MELEGNANO,15140,Melegnano,MILANO-BOLOGNA,2610,1120,300,78,10,2610,0,0,78,0,0,Feriale,2024,invernale (mag),POINT (9.319302 45.356405865),0.009319302,45.356405865
c_maggio2024,236,S01705,LO,MI,MELZO,15142,Melzo,MILANO-VENEZIA,2080,760,380,96,16,2070,10,10,93,2,1,Feriale,2024,invernale (mag),POINT (9.433304033 45.50454073),9.433304033,4.550454073
c_maggio2024,169,S01454,LO,CO,MERONE,13147,Merone,ALBATE-MOLTENO,510,160,70,75,10,0,510,0,0,75,0,Feriale,2024,invernale (mag),POINT (9.243809899 45.78144619),9.243809899,4.578144619
c_maggio2024,2779,S01078,LO,MI,Milano Affori,15146,Milano,Milano Nord Bovisa - Seve,6720,1010,3380,186,23,4630,2100,0,133,53,0,Feriale,2024,invernale (mag),POINT (9.167411293 45.521142914),9.167411293,45.521142914
c_maggio2024,2780,S01079,LO,MI,Milano Bruzzano,15146,Milano,Milano Nord Bovisa - Seve,530,130,80,133,16,530,0,0,133,0,0,Feriale,2024,invernale (mag),POINT (9.172814019 45.533621361),9.172814019,45.533621361
c_maggio2024,232,S01700,LO,MI,MILANO CENTRALE,15146,Milano,MILANO-BOLOGNA,36170,3710,9070,285,43,140,3830,32200,3,48,234,Feriale,2024,invernale (mag),POINT (9.204867788 45.486276592),9.204867788,45.486276592
c_maggio2024,230,S01640,LO,MI,MILANO CERTOSA,15146,Milano,TORINO-MILANO,5500,1070,1080,178,23,5460,50,0,173,3,2,Feriale,2024,invernale (mag),POINT (9.13393857 45.507007737),0.913393857,45.507007737
c_maggio2024,2862,S01650,LO,MI,MILANO DATEO,15146,Milano,PASSANTE,6870,1010,2160,345,40,6870,0,0,345,0,0,Feriale,2024,invernale (mag),POINT (9.217309375 45.467669611),9.217309375,45.467669611
c_maggio2024,5820,S01492,LO,MI,Milano Forlanini,15146,Milano,PASSANTE,3880,720,1200,209,25,3860,0,30,205,0,4,Feriale,2024,invernale (mag),POINT (9.237061003 45.462399481),9.237061003,45.462399481
c_maggio2024,130,S01326,LO,MI,MILANO GRECO PIRELLI,15146,Milano,CHIASSO-MILANO,11980,1260,4100,381,51,8020,3970,0,246,135,0,Feriale,2024,invernale (mag),POINT (9.214496679 45.512803065),9.214496679,45.512803065
c_maggio2024,233,S01701,LO,MI,MILANO LAMBRATE,15146,Milano,MILANO-BOLOGNA,16440,2660,6380,324,55,3320,4830,8300,67,108,149,Feriale,2024,invernale (mag),POINT (9.237361806 45.485012046),9.237361806,45.485012046
c_maggio2024,2858,S01643,LO,MI,MILANO LANCETTI,15146,Milano,PASSANTE,5130,900,1350,345,40,5130,0,0,345,0,0,Feriale,2024,invernale (mag),POINT (9.177354467 45.493471578),9.177354467,45.493471578
c_maggio2024,2782,S01642,LO,MI,MILANO NORD BOVISA,15146,Milano,Milano Nord Cadorna - Sar,21720,3960,5520,742,93,11870,7430,2430,356,262,124,Feriale,2024,invernale (mag),POINT (9.158986972 45.50377781),9.158986972,4.550377781
c_maggio2024,2783,S01066,LO,MI,Milano Nord Cadorna,15146,Milano,Milano Nord Cadorna - Sar,34680,2390,12400,462,60,10750,16840,7100,145,217,100,Feriale,2024,invernale (mag),POINT (9.175179183 45.468514231),9.175179183,45.468514231
c_maggio2024,5832,S01067,LO,MI,Milano Nord Domodossola,15146,Milano,Milano Nord Cadorna - Sar,7830,910,3720,384,52,3250,4110,490,145,217,22,Feriale,2024,invernale (mag),POINT (9.162155141 45.480836572),9.162155141,45.480836572
c_maggio2024,2855,S01649,LO,MI,MILANO P. VENEZIA,15146,Milano,PASSANTE,11930,1210,3640,345,40,11930,0,0,345,0,0,Feriale,2024,invernale (mag),POINT (9.207018409 45.476597527),9.207018409,45.476597527
c_maggio2024,2857,S01647,LO,MI,MILANO P.G. PASS.,15146,Milano,PASSANTE,18980,2720,5620,345,40,18980,0,0,345,0,0,Feriale,2024,invernale (mag),POINT (9.185954917 45.484354097),9.185954917,45.484354097
c_maggio2024,2863,S01633,LO,MI,MILANO P.VITTORIA PASS.,15146,Milano,PASSANTE,6300,1120,1410,345,39,6300,0,0,345,0,0,Feriale,2024,invernale (mag),POINT (9.225193061 45.459475193),9.225193061,45.459475193
c_maggio2024,231,S01645,LO,MI,MILANO PORTA GARIBALDI,15146,Milano,TORINO-MILANO,26320,2600,10470,409,54,13790,8220,4320,196,134,79,Feriale,2024,invernale (mag),POINT (9.186422092 45.485345292),9.186422092,45.485345292
c_maggio2024,228,S01631,LO,MI,MILANO PORTA GENOVA,15146,Milano,MILANO-MORTARA-AL,6590,170,2340,48,7,0,6590,0,0,48,0,Feriale,2024,invernale (mag),POINT (9.169330605 45.453458231),9.169330605,45.453458231
c_maggio2024,229,S01632,LO,MI,MILANO PORTA ROMANA,15146,Milano,MILANO-MORTARA-AL,680,120,200,67,8,680,0,0,67,0,0,Feriale,2024,invernale (mag),POINT (9.21316275 45.445922893),0.921316275,45.445922893
c_maggio2024,2800,S01069,LO,MI,Milano Quarto Oggiaro,15146,Milano,Milano Nord Cadorna - Sar,3190,670,640,133,16,3190,0,0,133,0,0,Feriale,2024,invernale (mag),POINT (9.145253109 45.519239088),9.145253109,45.519239088
c_maggio2024,2856,S01648,LO,MI,MILANO REPUBBLICA,15146,Milano,PASSANTE,11230,920,4600,345,40,11230,0,0,345,0,0,Feriale,2024,invernale (mag),POINT (9.198815201 45.480365497),9.198815201,45.480365497
c_maggio2024,257,S01820,LO,MI,MILANO ROGOREDO,15146,Milano,MILANO-BOLOGNA,14460,2310,4890,328,44,8340,3440,2690,208,64,56,Feriale,2024,invernale (mag),POINT (9.238727378 45.43484983),9.238727378,4.543484983
c_maggio2024,5835,S01032,LO,MI,Milano Romolo,15146,Milano,MILANO-MORTARA-AL,480,80,320,67,8,480,0,0,67,0,0,Feriale,2024,invernale (mag),POINT (9.159273436 45.44587573),9.159273436,4.544587573
c_maggio2024,227,S01630,LO,MI,MILANO S. CRISTOFORO,15146,Milano,MILANO-MORTARA-AL,2840,530,900,113,14,1730,1120,0,67,46,0,Feriale,2024,invernale (mag),POINT (9.130288258 45.442478529),9.130288258,45.442478529
c_maggio2024,5843,S01022,LO,MI,MILANO TIBALDI,15146,Milano,MILANO-MORTARA-AL,1380,230,510,67,8,1380,0,0,67,0,0,Feriale,2024,invernale (mag),0,0,0
c_maggio2024,2861,S01639,LO,MI,MILANO VILLAPIZZONE,15146,Milano,PASSANTE,4110,780,980,198,26,3510,160,450,172,9,17,Feriale,2024,invernale (mag),POINT (9.150254378 45.502301332),9.150254378,45.502301332
c_maggio2024,289,S01867,LO,PV,MIRADOLO TERME,18093,Miradolo Terme,PAVIA-CASALPUST.,170,70,20,24,4,0,170,0,0,24,0,Feriale,2024,invernale (mag),POINT (9.449985524 45.162088065),9.449985524,45.162088065
c_maggio2024,170,S01456,LO,CO,MOIANA,13147,Merone,ALBATE-MOLTENO,50,30,10,22,4,0,50,0,0,22,0,Feriale,2024,invernale (mag),POINT (9.255642213 45.787158223),9.255642213,45.787158223
c_maggio2024,172,S01458,LO,LC,MOLTENO,97051,Molteno,MONZA-LECCO,660,300,90,61,12,370,300,0,38,23,0,Feriale,2024,invernale (mag),POINT (9.301712216 45.781015442),9.301712216,45.781015442
c_maggio2024,211,S01535,LO,BG,MONTELLO GORLAGO,16139,Montello,LECCO-BRESCIA,770,170,50,38,5,0,770,0,0,38,0,Feriale,2024,invernale (mag),POINT (9.80851611 45.670247257),0.980851611,45.670247257
c_maggio2024,268,S01840,LO,BS,MONTIRONE,17114,Montirone,BRESCIA-PARMA,170,40,40,31,4,0,170,0,0,31,0,Feriale,2024,invernale (mag),POINT (10.239507594 45.451430581),10.239507594,45.451430581
c_maggio2024,128,S01322,LO,MI,MONZA,108033,Monza,CHIASSO-MILANO,22140,5060,4590,360,49,14850,2470,4840,250,43,67,Feriale,2024,invernale (mag),POINT (9.273281444 45.577867268),9.273281444,45.577867268
c_maggio2024,177,S01480,LO,MI,MONZA SOBBORGHI,108033,Monza,MONZA-LECCO,970,440,390,40,6,970,0,0,40,0,0,Feriale,2024,invernale (mag),POINT (9.284488422 45.582043348),9.284488422,45.582043348
c_maggio2024,151,S01425,LO,SO,MORBEGNO,14045,Morbegno,TIRANO-MILANO Lc-So,1160,450,320,48,7,0,520,650,0,22,26,Feriale,2024,invernale (mag),POINT (9.568674621 46.136732198),9.568674621,46.136732198
c_maggio2024,241,S01710,LO,BG,MORENGO-BARIANO,16020,Bariano,MILANO-VENEZIA,290,130,20,31,5,0,290,0,0,31,0,Feriale,2024,invernale (mag),POINT (9.703143454 45.521713564),9.703143454,45.521713564
c_maggio2024,107,S01144,LO,VA,MORNAGO CIMBRO,12106,Mornago,LUINO-GALLARATE,140,40,20,23,3,40,100,0,11,12,0,Feriale,2024,invernale (mag),POINT (8.734232423 45.729818919),8.734232423,45.729818919
c_maggio2024,2784,S01740,LO,VA,Morosolo-Casciago,12038,Casciago,Varese Nord - Laveno Momb,200,80,50,40,7,0,90,120,0,22,18,Feriale,2024,invernale (mag),POINT (8.777403493 45.826573232),8.777403493,45.826573232
c_maggio2024,6,S00034,LO,PV,MORTARA,18102,Mortara,MILANO-MORTARA-AL,2830,640,380,78,10,0,2830,0,0,78,0,Feriale,2024,invernale (mag),POINT (8.73168138 45.252256076),0.873168138,45.252256076
c_maggio2024,284,S01862,LO,PV,MOTTA S.DAMIANO,18110,Pavia,PAVIA-CASALPUST.,60,10,10,24,4,0,60,0,0,24,0,Feriale,2024,invernale (mag),POINT (9.219902925 45.178421105),9.219902925,45.178421105
c_maggio2024,2785,S01726,LO,CO,Mozzate,13159,Mozzate,Saronno - Varese Nord,990,410,70,60,8,0,990,0,0,60,0,Feriale,2024,invernale (mag),POINT (8.955224279 45.677788011),8.955224279,45.677788011
c_maggio2024,35,S00273,LO,PV,NICORVO,18103,Nicorvo,VERCELLI-PAVIA,90,30,20,28,5,0,90,0,0,28,0,Feriale,2024,invernale (mag),POINT (8.671238408 45.275537833),8.671238408,45.275537833
c_maggio2024,31,S00248,PI,NO,NOVARA,3106,Novara,TORINO-MILANO,2820,430,770,73,8,2820,0,0,73,0,0,Feriale,2024,invernale (mag),POINT (8.6249717 45.45129662),0.086249717,4.545129662
c_maggio2024,2854,S00023,PI,NO,Novara FN,3106,Novara,Saronno - Novara,990,160,550,36,6,0,990,0,0,36,0,Feriale,2024,invernale (mag),POINT (8.627061488 45.452334846),8.627061488,45.452334846
c_maggio2024,134,S01403,LO,SO,NOVATE MEZZOLA,14046,Novate Mezzola,CHIAVENNA-COLICO,210,90,30,30,5,0,210,0,0,30,0,Feriale,2024,invernale (mag),POINT (9.446610911 46.216667852),9.446610911,46.216667852
c_maggio2024,2787,S01070,LO,MI,Novate Milanese,15157,Novate Milanese,Milano Nord Cadorna - Sar,2110,760,270,133,16,2110,0,0,133,0,0,Feriale,2024,invernale (mag),POINT (9.132723827 45.533079873),9.132723827,45.533079873
c_maggio2024,173,S01460,LO,LC,OGGIONO,97057,Oggiono,MONZA-LECCO,780,220,290,41,8,670,120,0,36,5,0,Feriale,2024,invernale (mag),POINT (9.337510786 45.789065364),9.337510786,45.789065364
c_maggio2024,144,S01414,LO,LC,OLCIO,97046,Mandello del Lario,TIRANO-MILANO Lc-So,40,10,10,26,3,0,40,10,0,25,1,Feriale,2024,invernale (mag),POINT (9.313931929 45.938086276),9.313931929,45.938086276
c_maggio2024,7,S00036,LO,PV,OLEVANO,18104,Olevano di Lomellina,MILANO-MORTARA-AL,50,30,10,9,1,0,50,0,0,9,0,Feriale,2024,invernale (mag),POINT (8.71185336 45.21219615),0.871185336,4.521219615
c_maggio2024,198,S01514,LO,LC,OLGIATE CALCO-BRIVIO,97058,Olgiate Molgora,TIRANO-MILANO Mz-Lc,1950,630,150,74,8,1940,0,20,73,0,1,Feriale,2024,invernale (mag),POINT (9.40379608 45.729243447),0.940379608,45.729243447
c_maggio2024,299,S01905,LO,CR,OLMENETA,19063,Olmeneta,BRESCIA-CREMONA,170,70,20,67,8,0,170,0,0,67,0,Feriale,2024,invernale (mag),POINT (10.031972373 45.231184025),10.031972373,45.231184025
c_maggio2024,292,S01870,LO,LO,ORIO LITTA,98042,Orio Litta,PAVIA-CASALPUST.,90,40,20,24,4,0,90,0,0,24,0,Feriale,2024,invernale (mag),POINT (9.550621285 45.166863635),9.550621285,45.166863635
c_maggio2024,196,S01512,LO,LC,OSNAGO,97061,Osnago,TIRANO-MILANO Mz-Lc,1350,460,120,73,8,1350,0,0,73,0,0,Feriale,2024,invernale (mag),POINT (9.387021835 45.678609287),9.387021835,45.678609287
c_maggio2024,293,S01871,LO,LO,OSPEDALETTO LODIGIANO,98043,Ospedaletto Lodigiano,PAVIA-CASALPUST.,260,40,20,24,2,0,260,0,0,24,0,Feriale,2024,invernale (mag),POINT (9.575189061 45.169411515),9.575189061,45.169411515
c_maggio2024,246,S01716,LO,BS,OSPITALETTO TRAVAGLIATO,17127,Ospitaletto,MILANO-VENEZIA,460,140,70,62,10,0,460,0,0,62,0,Feriale,2024,invernale (mag),POINT (10.074385735 45.546125054),10.074385735,45.546125054
c_maggio2024,2788,S01794,LO,BS,Paderno (Franciacorta),17130,Paderno Franciacorta,Brescia - Iseo,760,110,30,35,6,0,760,0,0,35,0,Feriale,2024,invernale (mag),POINT (10.087064635 45.586766511),10.087064635,45.586766511
c_maggio2024,2789,S01082,LO,MI,Paderno Dugnano,15166,Paderno Dugnano,Milano Nord Bovisa - Seve,3060,1120,540,133,16,3060,0,0,133,0,0,Feriale,2024,invernale (mag),POINT (9.161231422 45.564852006),9.161231422,45.564852006
c_maggio2024,191,S01502,LO,LC,PADERNO-ROBBIATE,97062,Paderno d'Adda,SEREGNO-BERGAMO,1160,450,110,43,6,0,1160,0,0,43,0,Feriale,2024,invernale (mag),POINT (9.439232645 45.67838448),9.439232645,4.567838448
c_maggio2024,2790,S01083,LO,MI,Palazzolo Milanese,15166,Paderno Dugnano,Milano Nord Bovisa - Seve,2370,1220,160,133,16,2370,0,0,133,0,0,Feriale,2024,invernale (mag),POINT (9.156496054 45.580997631),9.156496054,45.580997631
c_maggio2024,214,S01538,LO,BS,PALAZZOLO SULL'OGLIO,17133,Palazzolo sull'Oglio,LECCO-BRESCIA,800,240,150,40,6,0,800,0,0,40,0,Feriale,2024,invernale (mag),POINT (9.896263591 45.60155941),9.896263591,4.560155941
c_maggio2024,33,S00271,LO,PV,PALESTRO,18107,Palestro,VERCELLI-PAVIA,190,60,30,28,5,0,190,0,0,28,0,Feriale,2024,invernale (mag),POINT (8.534545108 45.307350574),8.534545108,45.307350574
c_maggio2024,81,S01035,LO,MI,PARABIAGO,15168,Parabiago,DOMODOSSOLA-MILANO,3020,1400,310,72,11,2680,220,130,69,2,1,Feriale,2024,invernale (mag),POINT (8.946358229 45.55251981),8.946358229,4.555251981
c_maggio2024,87,S01060,LO,PV,PARONA LOMELLINA,18109,Parona,MILANO-MORTARA-AL,530,120,70,45,5,0,530,0,0,45,0,Feriale,2024,invernale (mag),POINT (8.780351933 45.280183485),8.780351933,45.280183485
c_maggio2024,2791,S01793,LO,BS,Passirano,17136,Passirano,Brescia - Iseo,590,100,10,35,5,0,590,0,0,35,0,Feriale,2024,invernale (mag),POINT (10.06368133 45.590113375),1.006368133,45.590113375
c_maggio2024,282,S01860,LO,PV,PAVIA,18110,Pavia,MILANO-GENOVA,9410,1890,3000,209,31,3420,3440,2560,72,108,29,Feriale,2024,invernale (mag),POINT (9.144713646 45.188924433),9.144713646,45.188924433
c_maggio2024,283,S01861,LO,PV,PAVIA PORTA GARIBALDI,18110,Pavia,PAVIA-CASALPUST.,240,30,120,24,4,0,240,0,0,24,0,Feriale,2024,invernale (mag),POINT (9.167359084 45.184073158),9.167359084,45.184073158
c_maggio2024,332,S02088,VE,VR,PESCHIERA DEL GARDA,23059,Peschiera del Garda,MILANO-VENEZIA,2030,340,230,33,5,0,0,2030,0,0,33,Feriale,2024,invernale (mag),POINT (10.70247103 45.43838223),1.070247103,4.543838223
c_maggio2024,387,S05000,EM,PC,PIACENZA,33032,Piacenza,MILANO-BOLOGNA,1590,280,160,51,7,0,1590,0,0,51,0,Feriale,2024,invernale (mag),POINT (9.706305088 45.05208441),9.706305088,4.505208441
c_maggio2024,309,S01919,LO,CR,PIADENA,19071,Piadena,CODOGNO-MANTOVA,910,270,110,64,7,0,470,440,0,43,21,Feriale,2024,invernale (mag),POINT (10.369987543 45.127689005),10.369987543,45.127689005
c_maggio2024,2792,S01776,LO,BS,Pian di Borno,17206,Piancogno,Pisogne - Breno,200,20,10,18,2,0,200,0,0,18,0,Feriale,2024,invernale (mag),POINT (10.221581526 45.915836231),10.221581526,45.915836231
c_maggio2024,2793,S01780,LO,BS,Piancamuno-Gratacasolo,17142,Pian Camuno,Pisogne - Breno,180,30,20,18,3,0,180,0,0,18,0,Feriale,2024,invernale (mag),POINT (10.138337016 45.839909876),10.138337016,45.839909876
c_maggio2024,44,S00402,LO,PV,PIEVE ALBIGNOLA,18112,Pieve Albignola,CAVA C.-TORREBER,130,30,20,29,4,0,130,0,0,29,0,Feriale,2024,invernale (mag),POINT (8.959758126 45.116329989),8.959758126,45.116329989
c_maggio2024,5841,S01104,LO,MI,PIEVE EMANUELE,15173,Pieve Emanuele,MILANO-GENOVA,1810,580,260,73,8,1810,0,0,72,0,1,Feriale,2024,invernale (mag),POINT (9.204837997 45.341109745),9.204837997,45.341109745
c_maggio2024,2794,S01786,LO,BS,Pilzone,17085,Iseo,Iseo - Pisogne,110,20,10,19,3,0,110,0,0,19,0,Feriale,2024,invernale (mag),POINT (10.079163075 45.674416503),10.079163075,45.674416503
c_maggio2024,316,S01931,LO,PV,PINAROLO PO,18115,Pinarolo Po,PAVIA-STRADELLA,170,80,20,26,4,0,170,0,0,26,0,Feriale,2024,invernale (mag),POINT (9.170304953 45.073501505),9.170304953,45.073501505
c_maggio2024,234,S01703,LO,MI,PIOLTELLO-LIMITO,15175,Pioltello,MILANO-VENEZIA,6990,1890,910,257,35,3820,580,2600,138,29,90,Feriale,2024,invernale (mag),POINT (9.329349311 45.485909836),9.329349311,45.485909836
c_maggio2024,137,S01406,LO,LC,PIONA,97023,Colico,TIRANO-MILANO Lc-So,90,10,10,27,2,0,90,10,0,26,1,Feriale,2024,invernale (mag),POINT (9.35079332 46.124769888),0.935079332,46.124769888
c_maggio2024,2795,S01014,LO,BS,Pisogne,17143,Pisogne,Iseo - Pisogne,510,120,40,33,4,0,320,200,0,21,12,Feriale,2024,invernale (mag),POINT (10.105622584 45.806591032),10.105622584,45.806591032
c_maggio2024,253,S01806,LO,PV,PIZZALE-LUNGAVILLA,18084,Lungavilla,MILANO-GENOVA,310,130,20,28,5,0,0,310,0,0,28,Feriale,2024,invernale (mag),POINT (9.069006681 45.049924012),9.069006681,45.049924012
c_maggio2024,301,S01911,LO,CR,PIZZIGHETTONE,19076,Pizzighettone,CODOGNO-MANTOVA,20,10,10,11,2,0,20,0,0,10,1,Feriale,2024,invernale (mag),POINT (9.777166532 45.181857545),9.777166532,45.181857545
c_maggio2024,157,S01433,LO,SO,POGGIRIDENTI-TRESIVIO,14051,Poggiridenti,TIRANO-MILANO So-Tir,10,10,10,5,1,0,10,10,0,4,1,Feriale,2024,invernale (mag),POINT (9.933843175 46.166961926),9.933843175,46.166961926
c_maggio2024,302,S01912,LO,CR,PONTE D'ADDA,19076,Pizzighettone,CODOGNO-MANTOVA,370,230,30,35,6,0,50,330,0,11,24,Feriale,2024,invernale (mag),POINT (9.790770435 45.184437624),9.790770435,45.184437624
c_maggio2024,158,S01434,LO,SO,PONTE IN VALTELLINA,14052,Ponte in Valtellina,TIRANO-MILANO So-Tir,30,20,10,5,1,0,10,20,0,4,1,Feriale,2024,invernale (mag),POINT (9.975919439 46.162708899),9.975919439,46.162708899
c_maggio2024,207,S01528,LO,BG,PONTE S.PIETRO,16170,Ponte San Pietro,LECCO-BRESCIA,2480,540,680,74,11,0,2480,0,0,74,0,Feriale,2024,invernale (mag),POINT (9.584359693 45.699232686),9.584359693,45.699232686
c_maggio2024,255,S01809,PI,AL,PONTECURONE,6132,Pontecurone,MILANO-GENOVA,70,40,10,7,2,0,0,70,0,0,7,Feriale,2024,invernale (mag),POINT (8.929891639 44.96201105),8.929891639,4.496201105
c_maggio2024,2797,S01097,LO,CO,Pontelambro-Castelmarte,13188,Ponte Lambro,Seveso - Asso,300,120,30,36,3,0,300,0,0,36,0,Feriale,2024,invernale (mag),POINT (9.225759459 45.829181272),9.225759459,45.829181272
c_maggio2024,205,S01526,LO,BG,PONTIDA,16171,Pontida,LECCO-BRESCIA,140,50,10,31,4,0,140,0,0,31,0,Feriale,2024,invernale (mag),POINT (9.511662206 45.730161398),9.511662206,45.730161398
c_maggio2024,2798,S01761,LO,CO,Portichetto-Luisago,13135,Luisago,Saronno - Como,760,310,120,64,8,0,750,20,0,63,1,Feriale,2024,invernale (mag),POINT (9.050289685 45.759200753),9.050289685,45.759200753
c_maggio2024,109,S01200,LO,VA,PORTO CERESIO,12113,Porto Ceresio,PORTO C.-GALLARATE,750,140,70,34,4,0,0,750,0,0,34,Feriale,2024,invernale (mag),POINT (8.900389083 45.903750516),8.900389083,45.903750516
c_maggio2024,94,S01116,LO,VA,PORTO VALTRAVAGLIA,12114,Porto Valtravaglia,LUINO-GALLARATE,90,20,10,24,2,50,50,0,11,13,0,Feriale,2024,invernale (mag),POINT (8.67417775 45.958294809),0.867417775,45.958294809
c_maggio2024,5840,S01722,LO,MI,POZZUOLO MART.,15178,Pozzuolo Martesana,MILANO-VENEZIA,560,270,50,94,16,550,10,0,93,1,0,Feriale,2024,invernale (mag),POINT (9.465176435 45.510126551),9.465176435,45.510126551
c_maggio2024,147,S01417,LO,SO,PRATA-CAMPORTACCIO,14054,Prata Camportaccio,CHIAVENNA-COLICO,60,20,10,29,4,0,60,0,0,29,0,Feriale,2024,invernale (mag),POINT (9.396817599 46.307723227),9.396817599,46.307723227
c_maggio2024,5839,S01058,LO,MI,PREGNANA MIL.,15179,Pregnana Milanese,TORINO-MILANO,870,330,110,73,8,870,0,0,73,0,0,Feriale,2024,invernale (mag),POINT (8.983574748 45.503547665),8.983574748,45.503547665
c_maggio2024,2799,S01787,LO,BS,Provaglio-Timoline,17156,Provaglio d'Iseo,Brescia - Iseo,320,30,30,35,4,0,320,0,0,35,0,Feriale,2024,invernale (mag),POINT (10.035246585 45.635075228),10.035246585,45.635075228
c_maggio2024,273,S01845,LO,BS,REMEDELLO SOPRA,17160,Remedello,BRESCIA-PARMA,250,40,140,32,4,0,250,0,0,32,0,Feriale,2024,invernale (mag),POINT (10.379240842 45.278565103),10.379240842,45.278565103
c_maggio2024,274,S01846,LO,BS,REMEDELLO SOTTO,17160,Remedello,BRESCIA-PARMA,110,30,30,31,4,0,110,0,0,31,0,Feriale,2024,invernale (mag),POINT (10.38843093 45.257552358),1.038843093,45.257552358
c_maggio2024,186,S01489,LO,MI,RENATE VEDUGGIO,108037,Renate,MONZA-LECCO,410,180,20,38,6,410,0,0,38,0,0,Feriale,2024,invernale (mag),POINT (9.27986722 45.72838114),0.927986722,4.572838114
c_maggio2024,2801,S01135,LO,MI,Rescaldina,15181,Rescaldina,Saronno - Novara,1690,870,110,80,12,0,1690,0,0,80,0,Feriale,2024,invernale (mag),POINT (8.946679489 45.622159013),8.946679489,45.622159013
c_maggio2024,83,S01037,LO,MI,RHO,15182,Rho,TORINO-MILANO,6830,1830,1100,171,20,6830,0,0,171,0,0,Feriale,2024,invernale (mag),POINT (9.043583998 45.523927896),9.043583998,45.523927896
c_maggio2024,5842,S01039,LO,MI,RHO FIERA MILANO,15182,Rho,TORINO-MILANO,7710,1160,2320,263,35,5180,480,2070,171,34,58,Feriale,2024,invernale (mag),POINT (9.088380294 45.52123731),9.088380294,4.552123731
c_maggio2024,34,S00272,LO,PV,ROBBIO,18123,Robbio,VERCELLI-PAVIA,390,200,60,28,5,0,390,0,0,28,0,Feriale,2024,invernale (mag),POINT (8.597086609 45.293627181),8.597086609,45.293627181
c_maggio2024,298,S01904,LO,CR,ROBECCO-PONTEVICO,19085,Robecco d'Oglio,BRESCIA-CREMONA,120,50,10,31,3,0,120,0,0,31,0,Feriale,2024,invernale (mag),POINT (10.078618004 45.266299802),10.078618004,45.266299802
c_maggio2024,242,S01711,LO,BG,ROMANO,16183,Romano di Lombardia,MILANO-VENEZIA,2540,810,420,69,10,0,1040,1500,0,33,36,Feriale,2024,invernale (mag),POINT (9.75343152 45.523917724),0.975343152,45.523917724
c_maggio2024,327,S01950,EM,PC,ROTTOFRENO,33039,Rottofreno,ALESS.-PIACENZA,20,0,0,11,0,0,20,0,0,11,0,Feriale,2024,invernale (mag),POINT (9.549300156 45.06050732),9.549300156,4.506050732
c_maggio2024,245,S01714,LO,BS,ROVATO,17166,Rovato,MILANO-VENEZIA,2640,670,280,108,15,0,1280,1370,0,72,36,Feriale,2024,invernale (mag),POINT (10.000952147 45.552008269),10.000952147,45.552008269
c_maggio2024,2803,S01756,LO,CO,Rovellasca-Manera,13201,Rovellasca,Saronno - Como,1040,550,70,64,8,0,1030,20,0,63,1,Feriale,2024,invernale (mag),POINT (9.038331172 45.6656699),9.038331172,0.456656699
c_maggio2024,2804,S01755,LO,CO,Rovello Porro,13202,Rovello Porro,Saronno - Como,510,240,70,64,8,0,510,10,0,63,1,Feriale,2024,invernale (mag),POINT (9.036261914 45.651408852),9.036261914,45.651408852
c_maggio2024,132,S01401,LO,SO,S.CASSIANO VALCHIAVENNA,14054,Prata Camportaccio,CHIAVENNA-COLICO,100,40,10,29,4,0,100,0,0,29,0,Feriale,2024,invernale (mag),POINT (9.3974465 46.27551067),0.093974465,4.627551067
c_maggio2024,288,S01866,LO,PV,S.CRISTINA E BISSONE,18139,Santa Cristina e Bissone,PAVIA-CASALPUST.,110,40,20,24,4,0,110,0,0,24,0,Feriale,2024,invernale (mag),POINT (9.401036576 45.160614144),9.401036576,45.160614144
c_maggio2024,160,S01436,LO,SO,S.GIACOMO DI TEGLIO,14065,Teglio,TIRANO-MILANO So-Tir,10,10,10,4,1,0,10,10,0,3,1,Feriale,2024,invernale (mag),POINT (10.027439647 46.159795887),10.027439647,46.159795887
c_maggio2024,277,S01849,LO,CR,S.GIOVANNI IN CROCE,19090,San Giovanni in Croce,BRESCIA-PARMA,290,80,80,34,4,0,290,0,0,34,0,Feriale,2024,invernale (mag),POINT (10.37754875 45.075865263),1.037754875,45.075865263
c_maggio2024,321,S01943,LO,PV,S.GIULETTA,18140,Santa Giuletta,ALESS.-PIACENZA,20,0,0,6,0,0,20,0,0,6,0,Feriale,2024,invernale (mag),POINT (9.179278043 45.035797363),9.179278043,45.035797363
c_maggio2024,258,S01821,LO,MI,S.GIULIANO MILANESE,15195,San Giuliano Milanese,MILANO-BOLOGNA,1510,460,210,78,10,1510,0,0,78,0,0,Feriale,2024,invernale (mag),POINT (9.286452197 45.391305373),9.286452197,45.391305373
c_maggio2024,251,S01804,LO,PV,S.MARTINO-CAVA,18041,Cava Manara,MILANO-GENOVA,210,110,20,31,5,0,170,50,0,26,5,Feriale,2024,invernale (mag),POINT (9.115360868 45.14494907),9.115360868,4.514494907
c_maggio2024,328,S01951,EM,PC,S.NICOLO',33039,Rottofreno,ALESS.-PIACENZA,40,0,0,11,0,0,40,0,0,11,0,Feriale,2024,invernale (mag),POINT (9.606551575 45.05875181),9.606551575,4.505875181
c_maggio2024,154,S01428,LO,SO,S.PIETRO BERBENNO,14007,Berbenno di Valtellina,TIRANO-MILANO Lc-So,110,40,20,22,4,0,110,0,0,22,0,Feriale,2024,invernale (mag),POINT (9.740521601 46.161425271),9.740521601,46.161425271
c_maggio2024,266,S01829,LO,LO,S.STEFANO LODIGIANO,98051,Santo Stefano Lodigiano,MILANO-BOLOGNA,50,20,10,34,4,0,50,0,0,34,0,Feriale,2024,invernale (mag),POINT (9.723640779 45.122172959),9.723640779,45.122172959
c_maggio2024,294,S01900,LO,BS,S.ZENO FOLZANO,17173,San Zeno Naviglio,BRESCIA-CREMONA,290,50,50,62,7,0,290,0,0,62,0,Feriale,2024,invernale (mag),POINT (10.211709572 45.491635451),10.211709572,45.491635451
c_maggio2024,260,S01823,LO,MI,S.ZENONE AL LAMBRO,15202,San Zenone al Lambro,MILANO-BOLOGNA,1120,550,50,70,8,1120,0,0,70,0,0,Feriale,2024,invernale (mag),POINT (9.361288898 45.337904599),9.361288898,45.337904599
c_maggio2024,50,S00408,LO,PV,SAIRANO,18190,Zinasco,CAVA C.-TORREBER,130,20,20,28,4,0,130,0,0,28,0,Feriale,2024,invernale (mag),POINT (9.046900985 45.138935103),9.046900985,45.138935103
c_maggio2024,42,S00400,LO,PV,SAIRANO-ZINASCO,18190,Zinasco,CAVA C.-TORREBER,120,40,20,29,5,0,120,0,0,29,0,Feriale,2024,invernale (mag),POINT (9.030186913 45.133877321),9.030186913,45.133877321
c_maggio2024,174,S01461,LO,LC,SALA AL BARRO-GALBIATE,97036,Galbiate,MONZA-LECCO,120,50,30,37,7,90,30,0,34,3,0,Feriale,2024,invernale (mag),POINT (9.359251698 45.821167176),9.359251698,45.821167176
c_maggio2024,2805,S01784,LO,BS,Sale Marasino,17169,Sale Marasino,Iseo - Pisogne,460,50,20,33,4,0,280,180,0,21,12,Feriale,2024,invernale (mag),POINT (10.111830104 45.71279216),10.111830104,4.571279216
c_maggio2024,133,S01402,LO,SO,SAMOLACO,14057,Samolaco,CHIAVENNA-COLICO,120,40,20,29,4,0,120,0,0,29,0,Feriale,2024,invernale (mag),POINT (9.423617479 46.246509103),9.423617479,46.246509103
c_maggio2024,2865,S01624,LO,MI,SAN DONATO MILANESE,15192,San Donato Milanese,MILANO-BOLOGNA,670,230,120,78,9,670,0,0,78,0,0,Feriale,2024,invernale (mag),POINT (9.253900071 45.417940908),9.253900071,45.417940908
c_maggio2024,103,S01140,LO,VA,SANGIANO,12141,Sangiano,LUINO-GALLARATE,80,10,10,23,1,30,60,0,11,12,0,Feriale,2024,invernale (mag),POINT (8.630805498 45.874544577),8.630805498,45.874544577
c_maggio2024,45,S00403,LO,PV,SANNAZZARO,18138,Sannazzaro de' Burgondi,CAVA C.-TORREBER,470,80,60,29,4,0,470,0,0,29,0,Feriale,2024,invernale (mag),POINT (8.905182695 45.105626227),8.905182695,45.105626227
c_maggio2024,326,S01949,EM,PC,SARMATO,33042,Sarmato,ALESS.-PIACENZA,20,0,0,11,0,0,20,0,0,11,0,Feriale,2024,invernale (mag),POINT (9.49110168 45.06299749),0.949110168,4.506299749
c_maggio2024,2806,S01933,LO,VA,Saronno,12119,Saronno,Milano Nord Cadorna - Sar,16190,4540,3230,530,69,3520,9160,3520,197,209,124,Feriale,2024,invernale (mag),POINT (9.030524424 45.6251346),9.030524424,0.456251346
c_maggio2024,2807,S01077,LO,VA,Saronno Sud,12119,Saronno,Milano Nord Cadorna - Sar,720,230,100,197,24,720,0,0,197,0,0,Feriale,2024,invernale (mag),POINT (9.045593579 45.611839478),9.045593579,45.611839478
c_maggio2024,9,S00038,LO,PV,SARTIRANA,18146,Sartirana Lomellina,MILANO-MORTARA-AL,40,20,10,9,1,0,40,0,0,9,0,Feriale,2024,invernale (mag),POINT (8.67016046 45.111810021),0.867016046,45.111810021
c_maggio2024,263,S01826,LO,LO,SECUGNAGO,98052,Secugnago,MILANO-BOLOGNA,450,150,40,38,7,0,440,10,0,37,1,Feriale,2024,invernale (mag),POINT (9.586872164 45.22332986),9.586872164,4.522332986
c_maggio2024,2864,S01715,LO,MI,SEGRATE,15205,Segrate,MILANO-VENEZIA,1560,500,370,138,16,1560,0,0,138,0,0,Feriale,2024,invernale (mag),POINT (9.291418669 45.479594282),9.291418669,45.479594282
c_maggio2024,125,S01318,LO,MI,SEREGNO,108039,Seregno,CHIASSO-MILANO,6800,2530,670,167,23,4400,0,2400,136,0,31,Feriale,2024,invernale (mag),POINT (9.202885996 45.646087713),9.202885996,45.646087713
c_maggio2024,209,S01533,LO,BG,SERIATE,16198,Seriate,LECCO-BRESCIA,550,150,100,36,5,0,550,0,0,36,0,Feriale,2024,invernale (mag),POINT (9.724660449 45.683226571),9.724660449,45.683226571
c_maggio2024,73,S01026,LO,VA,SESTO CALENDE,12120,Sesto Calende,DOMODOSSOLA-MILANO,1230,430,140,52,8,0,650,580,0,30,22,Feriale,2024,invernale (mag),POINT (8.62816964 45.726314213),0.862816964,45.726314213
c_maggio2024,129,S01325,LO,MI,SESTO S. GIOVANNI,15209,Sesto San Giovanni,CHIASSO-MILANO,12020,1600,4110,294,35,10330,1610,90,246,43,5,Feriale,2024,invernale (mag),POINT (9.239294385 45.541170043),9.239294385,45.541170043
c_maggio2024,2811,S01925,LO,MI,Seveso,108040,Seveso,Milano Nord Bovisa - Seve,3460,1450,400,186,24,1750,1710,0,133,53,0,Feriale,2024,invernale (mag),POINT (9.14058178 45.647945743),0.914058178,45.647945743
c_maggio2024,2714,S01929,LO,MI,Seveso Baruccana,108040,Seveso,Saronno - Seregno,510,140,90,64,8,510,0,0,64,0,0,Feriale,2024,invernale (mag),POINT (9.162510091 45.63793739),9.162510091,4.563793739
c_maggio2024,75,S01028,LO,VA,SOMMA LOMBARDO,12123,Somma Lombardo,DOMODOSSOLA-MILANO,660,230,130,30,5,0,660,0,0,30,0,Feriale,2024,invernale (mag),POINT (8.713033505 45.686501084),8.713033505,45.686501084
c_maggio2024,156,S01430,LO,SO,SONDRIO,14061,Sondrio,TIRANO-MILANO Lc-So,1790,220,730,52,6,0,680,1120,0,26,26,Feriale,2024,invernale (mag),POINT (9.87296139 46.167141595),0.987296139,46.167141595
c_maggio2024,2812,S01766,LO,BS,Sonico,17181,Sonico,Breno - Edolo,20,20,20,13,2,0,20,0,0,13,0,Feriale,2024,invernale (mag),POINT (10.351165528 46.163878231),10.351165528,46.163878231
c_maggio2024,224,S01607,LO,CR,SORESINA,19098,Soresina,BERGAMO-CREMONA,450,120,40,36,5,0,450,0,0,36,0,Feriale,2024,invernale (mag),POINT (9.856662219 45.283167819),9.856662219,45.283167819
c_maggio2024,5838,S01612,LO,BG,STEZZANO,16207,Stezzano,BERGAMO-CREMONA,240,80,60,36,5,0,230,10,0,35,1,Feriale,2024,invernale (mag),POINT (9.644627368 45.658395935),9.644627368,45.658395935
c_maggio2024,323,S01945,LO,PV,STRADELLA,18153,Stradella,ALESS.-PIACENZA,440,90,40,32,3,0,440,0,0,32,0,Feriale,2024,invernale (mag),POINT (9.300895387 45.079551322),9.300895387,45.079551322
c_maggio2024,2813,S01785,LO,BS,Sulzano,17182,Sulzano,Iseo - Pisogne,240,40,20,33,4,0,160,80,0,21,12,Feriale,2024,invernale (mag),POINT (10.100657593 45.689468948),10.100657593,45.689468948
c_maggio2024,152,S01426,LO,SO,TALAMONA,14063,Talamona,TIRANO-MILANO Lc-So,100,70,20,22,4,0,100,0,0,22,0,Feriale,2024,invernale (mag),POINT (9.59956252 46.139593883),0.959956252,46.139593883
c_maggio2024,261,S01824,LO,LO,TAVAZZANO,98056,Tavazzano con Villavesco,MILANO-BOLOGNA,1230,470,90,70,8,1230,0,0,70,0,0,Feriale,2024,invernale (mag),POINT (9.402775545 45.326370144),9.402775545,45.326370144
c_maggio2024,106,S01143,LO,VA,TERNATE-VARANO BORGHI,12126,Ternate,LUINO-GALLARATE,170,90,30,24,4,60,120,0,11,13,0,Feriale,2024,invernale (mag),POINT (8.700412081 45.781912094),8.700412081,45.781912094
c_maggio2024,193,S01504,LO,BG,TERNO,16213,Terno d'Isola,SEREGNO-BERGAMO,770,300,70,43,7,0,770,0,0,43,0,Feriale,2024,invernale (mag),POINT (9.536197341 45.688730968),9.536197341,45.688730968
c_maggio2024,164,S01440,LO,SO,TIRANO,14066,Tirano,TIRANO-MILANO So-Tir,880,180,100,27,2,0,10,870,0,4,23,Feriale,2024,invernale (mag),POINT (10.166987267 46.215458161),10.166987267,46.215458161
c_maggio2024,2814,S01781,LO,BS,Toline,17143,Pisogne,Iseo - Pisogne,30,10,10,19,3,0,30,0,0,19,0,Feriale,2024,invernale (mag),POINT (10.088229762 45.787237456),10.088229762,45.787237456
c_maggio2024,308,S01918,LO,CR,TORRE DE' PICENARDI,19107,Torre de' Picenardi,CODOGNO-MANTOVA,80,0,0,8,0,0,80,10,0,7,1,Feriale,2024,invernale (mag),POINT (10.286872398 45.137279533),10.286872398,45.137279533
c_maggio2024,10,S00039,LO,PV,TORREBERETTI,18156,Torre Beretti e Castellaro,MILANO-MORTARA-AL,190,50,30,38,5,0,190,0,0,38,0,Feriale,2024,invernale (mag),POINT (8.660466652 45.060615837),8.660466652,45.060615837
c_maggio2024,256,S01810,PI,AL,TORTONA,6174,Tortona,MILANO-GENOVA,730,310,60,21,4,0,0,730,0,0,21,Feriale,2024,invernale (mag),POINT (8.86181929 44.90006568),0.886181929,4.490006568
c_maggio2024,2815,S01729,LO,VA,Tradate,12127,Tradate,Saronno - Varese Nord,2300,870,430,83,13,0,1550,750,0,65,18,Feriale,2024,invernale (mag),POINT (8.906902965 45.710305004),8.906902965,45.710305004
c_maggio2024,2816,S01728,LO,VA,Tradate Abbiate Guazzone,12127,Tradate,Saronno - Varese Nord,450,140,110,60,8,0,450,0,0,60,0,Feriale,2024,invernale (mag),POINT (8.918610359 45.701903031),8.918610359,45.701903031
c_maggio2024,105,S01142,LO,VA,TRAVEDONA-BIANDRONNO,12128,Travedona-Monate,LUINO-GALLARATE,50,10,10,23,1,20,40,0,11,12,0,Feriale,2024,invernale (mag),POINT (8.696358289 45.80968175),8.696358289,4.580968175
c_maggio2024,32,S00252,PI,NO,TRECATE,3149,Trecate,TORINO-MILANO,1990,690,120,73,8,1990,0,0,73,0,0,Feriale,2024,invernale (mag),POINT (8.739372114 45.42852569),8.739372114,4.542852569
c_maggio2024,237,S01706,LO,MI,TRECELLA,15178,Pozzuolo Martesana,MILANO-VENEZIA,460,230,30,95,16,460,10,10,93,1,1,Feriale,2024,invernale (mag),POINT (9.48762259 45.514065408),0.948762259,45.514065408
c_maggio2024,161,S01437,LO,SO,TRESENDA-APRICA-TEGLIO,14065,Teglio,TIRANO-MILANO So-Tir,130,40,10,27,2,0,10,130,0,4,23,Feriale,2024,invernale (mag),POINT (10.083777059 46.162155619),10.083777059,46.162155619
c_maggio2024,239,S01708,LO,BG,TREVIGLIO,16219,Treviglio,MILANO-VENEZIA,8210,2460,1430,236,37,1980,3260,2980,93,104,39,Feriale,2024,invernale (mag),POINT (9.587945358 45.515141265),9.587945358,45.515141265
c_maggio2024,218,S01601,LO,BG,TREVIGLIO OVEST,16219,Treviglio,BERGAMO-CREMONA,900,290,130,54,7,0,550,350,0,35,19,Feriale,2024,invernale (mag),POINT (9.58031324 45.521845567),0.958031324,45.521845567
c_maggio2024,92,S01065,LO,MI,TREZZANO S.N.,15220,Trezzano sul Naviglio,MILANO-MORTARA-AL,380,100,90,70,8,370,10,0,67,3,0,Feriale,2024,invernale (mag),POINT (9.07123474 45.422282484),0.907123474,45.422282484
c_maggio2024,182,S01485,LO,MI,TRIUGGIO-PONTE ALBIATE,108043,Triuggio,MONZA-LECCO,390,210,40,40,6,390,0,0,40,0,0,Feriale,2024,invernale (mag),POINT (9.266989378 45.659034087),9.266989378,45.659034087
c_maggio2024,37,S00275,LO,PV,TROMELLO,18164,Tromello,VERCELLI-PAVIA,150,30,20,29,4,0,150,0,0,29,0,Feriale,2024,invernale (mag),POINT (8.872184279 45.212069548),8.872184279,45.212069548
c_maggio2024,2817,S01751,LO,MI,Turbigo,15226,Turbigo,Saronno - Novara,790,380,70,36,6,0,790,0,0,36,0,Feriale,2024,invernale (mag),POINT (8.738913891 45.528044364),8.738913891,45.528044364
c_maggio2024,11,S00041,PI,AL,VALENZA,6177,Valenza,CHIVASSO-ALESSANDRIA,400,120,130,38,6,0,400,0,0,38,0,Feriale,2024,invernale (mag),POINT (8.625966209 45.02351446),8.625966209,4.502351446
c_maggio2024,8,S00037,LO,PV,VALLE LOMELLINA,18168,Valle Lomellina,MILANO-MORTARA-AL,80,20,10,9,1,0,80,0,0,9,0,Feriale,2024,invernale (mag),POINT (8.685911785 45.150674037),8.685911785,45.150674037
c_maggio2024,176,S01463,LO,LC,VALMADRERA,97083,Valmadrera,MONZA-LECCO,280,60,90,41,8,250,30,0,36,5,0,Feriale,2024,invernale (mag),POINT (9.368215149 45.846520175),9.368215149,45.846520175
c_maggio2024,2818,S01753,LO,MI,Vanzaghello,15249,Vanzaghello,Saronno - Novara,580,280,60,36,6,0,580,0,0,36,0,Feriale,2024,invernale (mag),POINT (8.787492635 45.57757515),8.787492635,4.557757515
c_maggio2024,82,S01036,LO,MI,VANZAGO POGLIANO,15229,Vanzago,DOMODOSSOLA-MILANO,1360,650,150,71,10,1230,60,70,69,1,1,Feriale,2024,invernale (mag),POINT (8.995565824 45.52529528),8.995565824,4.552529528
c_maggio2024,2819,S01084,LO,MI,Varedo,108045,Varedo,Milano Nord Bovisa - Seve,2560,990,180,133,16,2560,0,0,133,0,0,Feriale,2024,invernale (mag),POINT (9.153183844 45.595435441),9.153183844,45.595435441
c_maggio2024,141,S01411,LO,LC,VARENNA ESINO,97084,Varenna,TIRANO-MILANO Lc-So,2430,170,140,53,7,0,490,1950,0,26,27,Feriale,2024,invernale (mag),POINT (9.286432309 46.015079717),9.286432309,46.015079717
c_maggio2024,113,S01205,LO,VA,VARESE,12133,Varese,PORTO C.-GALLARATE,5620,1100,1380,153,19,3460,0,2170,115,0,38,Feriale,2024,invernale (mag),POINT (8.83313115 45.816277257),0.883313115,45.816277257
c_maggio2024,2820,S01738,LO,VA,Varese Nord,12133,Varese,Saronno - Varese Nord,4140,900,1250,85,13,0,2790,1360,0,67,18,Feriale,2024,invernale (mag),POINT (8.834307422 45.81847437),8.834307422,4.581847437
c_maggio2024,2821,S01739,LO,VA,Varese-Casbeno,12133,Varese,Varese Nord - Laveno Momb,1060,300,490,43,8,0,610,450,0,25,18,Feriale,2024,invernale (mag),POINT (8.811558243 45.814897655),8.811558243,45.814897655
c_maggio2024,2822,S01736,LO,VA,Vedano Olona,12134,Vedano Olona,Saronno - Varese Nord,670,270,50,60,8,0,670,0,0,60,0,Feriale,2024,invernale (mag),POINT (8.887080675 45.777359271),8.887080675,45.777359271
c_maggio2024,2823,S01782,LO,BS,Vello,17106,Marone,Iseo - Pisogne,40,10,10,19,3,0,40,0,0,19,0,Feriale,2024,invernale (mag),POINT (10.083908147 45.752417679),10.083908147,45.752417679
c_maggio2024,2824,S01734,LO,VA,Venegono Inferiore,12136,Venegono Inferiore,Saronno - Varese Nord,800,200,280,60,8,0,800,0,0,60,0,Feriale,2024,invernale (mag),POINT (8.895091616 45.736654968),8.895091616,45.736654968
c_maggio2024,2825,S01735,LO,VA,Venegono Sup.-Castiglione,12137,Venegono Superiore,Saronno - Varese Nord,510,150,60,60,8,0,510,0,0,60,0,Feriale,2024,invernale (mag),POINT (8.890295606 45.758175712),8.890295606,45.758175712
c_maggio2024,135,S01404,LO,SO,VERCEIA,14075,Verceia,CHIAVENNA-COLICO,20,10,10,29,4,0,20,0,0,29,0,Feriale,2024,invernale (mag),POINT (9.458448611 46.202905061),9.458448611,46.202905061
c_maggio2024,202,S01523,LO,LC,VERCURAGO-S.GIROLAMO,97086,Vercurago,TIRANO-MILANO Mz-Lc,30,10,10,13,4,0,30,0,0,13,0,Feriale,2024,invernale (mag),POINT (9.422384671 45.81219368),9.422384671,4.581219368
c_maggio2024,217,S01600,LO,BG,VERDELLO DALMINE,16233,Verdello,BERGAMO-CREMONA,2830,1170,240,90,13,0,840,2000,0,35,55,Feriale,2024,invernale (mag),POINT (9.61982632 45.605792605),0.961982632,45.605792605
c_maggio2024,74,S01027,LO,VA,VERGIATE,12138,Vergiate,DOMODOSSOLA-MILANO,340,130,60,30,6,0,340,0,0,30,0,Feriale,2024,invernale (mag),POINT (8.693230518 45.717200688),8.693230518,45.717200688
c_maggio2024,297,S01903,LO,BS,VEROLANUOVA,17195,Verolanuova,BRESCIA-CREMONA,360,140,50,33,4,0,360,0,0,33,0,Feriale,2024,invernale (mag),POINT (10.083906145 45.325064899),10.083906145,45.325064899
c_maggio2024,270,S01842,LO,BS,VIADANA BRESCIANA,17034,Calvisano,BRESCIA-PARMA,150,50,30,31,4,0,150,0,0,31,0,Feriale,2024,invernale (mag),POINT (10.3318218 45.373727831),0.103318218,45.373727831
c_maggio2024,240,S01709,LO,BG,VIDALENGO,16053,Caravaggio,MILANO-VENEZIA,120,50,30,31,5,0,120,0,0,31,0,Feriale,2024,invernale (mag),POINT (9.63970536 45.517936977),0.963970536,45.517936977
c_maggio2024,88,S01061,LO,PV,VIGEVANO,18177,Vigevano,MILANO-MORTARA-AL,4460,1510,510,48,8,0,4460,0,0,48,0,Feriale,2024,invernale (mag),POINT (8.862008085 45.312797339),8.862008085,45.312797339
c_maggio2024,235,S01704,LO,MI,VIGNATE,15237,Vignate,MILANO-VENEZIA,1460,630,170,95,16,1440,20,10,93,1,1,Feriale,2024,invernale (mag),POINT (9.37411303 45.494025151),0.937411303,45.494025151
c_maggio2024,163,S01439,LO,SO,VILLA DI TIRANO,14078,Villa di Tirano,TIRANO-MILANO So-Tir,40,40,10,4,1,0,10,40,0,3,1,Feriale,2024,invernale (mag),POINT (10.130361703 46.196242159),10.130361703,46.196242159
c_maggio2024,184,S01487,LO,MI,VILLA RAVERIO,108008,Besana in Brianza,MONZA-LECCO,470,140,130,40,6,470,0,0,40,0,0,Feriale,2024,invernale (mag),POINT (9.26158805 45.690495348),0.926158805,45.690495348
c_maggio2024,249,S01802,LO,MI,VILLAMAGGIORE,15115,Lacchiarella,MILANO-GENOVA,940,410,100,73,8,940,0,0,72,0,1,Feriale,2024,invernale (mag),POINT (9.190704857 45.320530164),9.190704857,45.320530164
c_maggio2024,40,S00278,LO,PV,VILLANOVA D'ARDENGHI,18179,Villanova d'Ardenghi,VERCELLI-PAVIA,60,10,10,29,4,0,60,0,0,29,0,Feriale,2024,invernale (mag),POINT (9.037210497 45.157063438),9.037210497,45.157063438
c_maggio2024,178,S01481,LO,MI,VILLASANTA,108049,Villasanta,MONZA-LECCO,660,360,60,40,6,660,0,0,40,0,0,Feriale,2024,invernale (mag),POINT (9.305121962 45.603443796),9.305121962,45.603443796
c_maggio2024,306,S01916,LO,CR,VILLETTA MALAGNINO,19056,Malagnino,CODOGNO-MANTOVA,40,20,10,9,1,0,30,10,0,7,2,Feriale,2024,invernale (mag),POINT (10.111974549 45.137104731),10.111974549,45.137104731
c_maggio2024,272,S01844,LO,BS,VISANO,17203,Visano,BRESCIA-PARMA,230,60,40,31,4,0,230,0,0,31,0,Feriale,2024,invernale (mag),POINT (10.363129196 45.315389802),10.363129196,45.315389802
c_maggio2024,86,S01042,LO,MI,VITTUONE-ARLUNO,15243,Vittuone,TORINO-MILANO,1620,640,230,73,8,1620,0,0,73,0,0,Feriale,2024,invernale (mag),POINT (8.947336756 45.491137732),8.947336756,45.491137732
c_maggio2024,254,S01807,LO,PV,VOGHERA,18182,Voghera,MILANO-GENOVA,1630,480,110,35,4,0,60,1580,0,6,29,Feriale,2024,invernale (mag),POINT (9.007971677 44.997878065),9.007971677,44.997878065
c_maggio2024,43,S00401,LO,PV,ZINASCO NUOVO,18190,Zinasco,CAVA C.-TORREBER,120,40,20,29,5,0,120,0,0,29,0,Feriale,2024,invernale (mag),POINT (8.999696096 45.124641115),8.999696096,45.124641115
